CustomerID,ChurnStatus,Age,Gender,MaritalStatus,IncomeLevel,NumInteractions,DaysSinceLastInteraction,ResolutionRate,PctInteractionType_Feedback,PctInteractionType_Inquiry,LoginFrequency,DaysSinceLastLogin,UsageRate_OnlineBanking,UsageRate_Website,NumTransactions,AmountSpent,DaysSinceLastTransaction,PctProductCategory_Clothing,PctProductCategory_Electronics,PctProductCategory_Furniture,PctProductCategory_Groceries
1,0,62,M,Single,Low,1.0,274.0,1.0,0.0,1.0,34,71,0.0,0.0,1,416.5,279,0.0,1.0,0.0,0.0
2,1,65,M,Married,Low,1.0,288.0,1.0,0.0,1.0,5,26,0.0,0.2,7,1547.4199999999998,42,0.29,0.43,0.14,0.14
3,0,18,M,Single,Low,1.0,128.0,1.0,0.0,1.0,3,46,0.0,0.33,6,1702.98,84,0.17,0.0,0.33,0.33
4,0,21,M,Widowed,Low,2.0,42.0,0.5,0.0,1.0,2,128,0.0,0.5,5,917.29,4,0.2,0.4,0.2,0.2
5,0,21,M,Divorced,Medium,,,,,,41,65,0.0,0.02,8,2001.49,10,0.0,0.38,0.25,0.38
6,0,57,F,Divorced,Medium,1.0,239.0,1.0,1.0,0.0,2,105,0.0,0.5,5,1164.29,63,0.2,0.2,0.4,0.0
7,0,27,F,Married,High,,,,,,32,358,0.0,0.0,1,86.73,68,0.0,0.0,0.0,0.0
8,1,37,M,Single,Low,2.0,108.0,0.0,0.5,0.5,17,253,0.06,0.0,7,2046.88,52,0.29,0.14,0.29,0.0
9,0,39,M,Divorced,High,1.0,137.0,1.0,0.0,1.0,24,187,0.0,0.04,5,1317.24,73,0.4,0.2,0.0,0.4
10,1,68,M,Married,High,,,,,,29,352,0.03,0.0,7,1397.36,61,0.14,0.14,0.43,0.29
11,0,54,M,Divorced,Medium,2.0,63.0,0.5,1.0,0.0,30,343,0.03,0.0,5,1733.83,17,0.0,0.0,0.0,0.4
12,0,41,F,Married,Low,2.0,31.0,0.5,0.5,0.5,43,0,0.0,0.02,1,87.1,59,0.0,1.0,0.0,0.0
13,0,24,F,Divorced,Low,1.0,156.0,1.0,0.0,0.0,10,179,0.0,0.0,3,392.02,95,0.33,0.33,0.0,0.0
14,0,42,M,Widowed,Medium,2.0,154.0,0.5,0.5,0.0,26,355,0.04,0.0,9,2843.59,53,0.11,0.0,0.33,0.44
15,0,42,M,Divorced,Medium,2.0,73.0,0.0,0.5,0.0,44,199,0.02,0.0,8,1914.02,15,0.12,0.12,0.25,0.25
16,1,30,F,Single,Medium,2.0,113.0,1.0,0.0,1.0,41,291,0.02,0.0,9,2019.79,17,0.11,0.11,0.33,0.0
17,0,19,M,Married,Low,2.0,233.0,0.5,0.0,1.0,8,119,0.12,0.0,7,1625.27,37,0.14,0.29,0.14,0.29
18,1,56,F,Married,High,1.0,52.0,0.0,0.0,1.0,37,37,0.0,0.03,5,951.3800000000001,123,0.0,0.0,0.4,0.2
19,0,57,F,Divorced,High,2.0,32.0,0.0,0.0,0.0,39,298,0.03,0.0,5,1017.26,9,0.2,0.0,0.6,0.2
20,0,41,M,Single,Low,1.0,164.0,1.0,1.0,0.0,16,138,0.0,0.06,9,2775.85,14,0.33,0.11,0.11,0.33
21,0,64,M,Divorced,High,,,,,,18,198,0.0,0.06,5,913.02,151,0.0,0.0,0.0,0.4
22,0,42,F,Divorced,Low,2.0,146.0,1.0,0.0,1.0,42,239,0.0,0.0,6,1582.73,73,0.17,0.0,0.5,0.17
23,0,35,F,Divorced,Low,2.0,287.0,0.5,0.0,0.0,19,177,0.0,0.0,4,1490.74,54,0.0,0.0,0.0,0.5
24,0,55,M,Widowed,Medium,1.0,58.0,1.0,0.0,0.0,12,88,0.0,0.0,5,1143.22,19,0.4,0.0,0.2,0.2
25,0,43,F,Married,Low,1.0,24.0,1.0,1.0,0.0,27,319,0.0,0.0,3,764.77,85,0.0,0.0,0.0,0.67
26,1,31,M,Single,Medium,1.0,18.0,1.0,0.0,0.0,45,93,0.0,0.0,3,571.76,3,0.33,0.0,0.33,0.0
27,0,26,M,Widowed,Medium,1.0,200.0,0.0,1.0,0.0,22,91,0.0,0.0,8,2210.6,51,0.25,0.25,0.12,0.25
28,0,27,F,Widowed,High,2.0,29.0,0.0,0.0,0.5,42,66,0.02,0.0,6,1702.26,13,0.0,0.67,0.17,0.0
29,0,38,F,Divorced,Medium,2.0,108.0,0.5,0.5,0.5,34,120,0.0,0.03,3,853.0699999999999,98,0.67,0.0,0.0,0.0
30,0,69,M,Divorced,High,2.0,75.0,0.5,0.0,0.0,38,172,0.0,0.03,2,706.66,105,0.0,0.5,0.0,0.0
31,0,34,M,Divorced,Low,2.0,195.0,1.0,0.0,0.5,23,136,0.04,0.0,5,1108.56,22,0.4,0.0,0.2,0.0
32,0,69,F,Married,High,,,,,,48,359,0.0,0.0,5,1225.52,88,0.2,0.2,0.0,0.4
33,1,23,M,Divorced,High,1.0,214.0,1.0,1.0,0.0,24,226,0.0,0.0,2,689.0,54,0.5,0.0,0.0,0.5
34,0,33,M,Widowed,High,2.0,181.0,0.5,1.0,0.0,44,272,0.02,0.0,9,1886.4,9,0.44,0.22,0.22,0.0
35,0,65,M,Married,Low,1.0,176.0,0.0,0.0,0.0,19,222,0.0,0.0,3,779.8399999999999,114,0.0,0.33,0.33,0.0
36,0,18,F,Widowed,Low,1.0,63.0,1.0,1.0,0.0,6,323,0.17,0.0,6,1321.5500000000002,65,0.17,0.5,0.0,0.17
37,0,36,F,Married,Medium,1.0,285.0,1.0,0.0,0.0,3,125,0.33,0.0,9,3166.88,24,0.44,0.0,0.33,0.11
38,0,53,F,Married,Low,1.0,280.0,1.0,0.0,1.0,47,34,0.02,0.0,3,874.86,26,0.0,0.0,0.0,0.67
39,0,42,M,Married,Medium,,,,,,26,345,0.04,0.0,5,1191.94,20,0.0,0.4,0.4,0.2
40,0,67,F,Widowed,Low,1.0,37.0,1.0,0.0,0.0,20,78,0.0,0.05,7,1578.3500000000001,151,0.0,0.29,0.29,0.43
41,1,69,F,Married,High,1.0,307.0,0.0,0.0,1.0,38,180,0.0,0.0,2,363.22,319,0.5,0.0,0.5,0.0
42,0,47,M,Widowed,Medium,,,,,,10,167,0.0,0.0,3,530.61,71,0.0,0.0,0.0,0.33
43,0,37,M,Single,Low,2.0,44.0,0.5,0.0,1.0,25,220,0.0,0.0,7,2213.63,59,0.43,0.14,0.0,0.29
44,0,37,F,Widowed,Low,1.0,256.0,0.0,1.0,0.0,35,48,0.0,0.0,3,687.8199999999999,38,0.0,0.33,0.0,0.67
45,0,32,F,Widowed,Low,1.0,188.0,0.0,0.0,0.0,49,120,0.02,0.0,1,300.42,8,0.0,0.0,0.0,1.0
46,1,57,F,Married,High,,,,,,24,153,0.04,0.0,1,134.67,133,0.0,1.0,0.0,0.0
47,0,50,F,Married,Medium,,,,,,21,256,0.0,0.05,7,1466.37,42,0.14,0.14,0.43,0.14
48,0,19,M,Divorced,Medium,,,,,,34,202,0.0,0.03,7,1597.29,22,0.14,0.29,0.14,0.14
49,0,27,F,Single,Medium,,,,,,18,315,0.06,0.0,3,641.48,207,0.0,0.33,0.0,0.33
50,0,50,F,Single,Low,2.0,57.0,0.0,0.5,0.0,19,169,0.05,0.0,4,1514.62,22,0.25,0.0,0.25,0.5
51,1,49,M,Divorced,Medium,,,,,,3,61,0.0,0.0,3,549.86,164,0.0,0.33,0.33,0.0
52,0,28,M,Widowed,Medium,,,,,,6,318,0.0,0.0,1,401.25,317,0.0,0.0,0.0,1.0
53,0,41,F,Widowed,Low,,,,,,20,90,0.0,0.0,7,1255.34,3,0.14,0.0,0.14,0.43
54,0,53,F,Married,Low,2.0,39.0,1.0,0.5,0.0,22,345,0.05,0.0,2,461.21000000000004,180,0.0,0.0,0.0,0.5
55,0,29,F,Single,Low,,,,,,33,135,0.0,0.03,5,1129.35,116,0.4,0.0,0.4,0.2
56,0,68,F,Married,Low,,,,,,14,133,0.0,0.0,5,1443.46,16,0.2,0.2,0.0,0.2
57,0,46,F,Divorced,High,1.0,23.0,0.0,0.0,0.0,44,164,0.02,0.0,3,597.75,33,0.0,0.33,0.0,0.33
58,0,52,M,Single,High,2.0,166.0,0.0,0.0,0.5,9,258,0.11,0.0,6,2215.82,43,0.5,0.17,0.0,0.17
59,0,18,M,Married,Medium,,,,,,45,20,0.02,0.0,3,292.51,30,0.0,0.67,0.33,0.0
60,0,18,F,Single,High,2.0,205.0,0.5,1.0,0.0,25,304,0.0,0.0,4,781.09,11,0.25,0.25,0.0,0.25
61,1,54,M,Single,Low,1.0,264.0,1.0,0.0,0.0,47,4,0.0,0.02,3,678.97,81,0.0,0.67,0.33,0.0
62,0,23,F,Married,High,2.0,3.0,1.0,0.0,0.5,16,126,0.0,0.0,4,840.0,35,0.25,0.25,0.0,0.25
63,0,56,M,Married,Low,,,,,,7,219,0.0,0.0,9,2205.11,18,0.11,0.11,0.44,0.22
64,0,58,F,Single,High,,,,,,11,211,0.09,0.0,3,965.21,13,0.33,0.33,0.33,0.0
65,0,35,F,Divorced,Low,,,,,,27,97,0.0,0.0,5,1359.8899999999999,44,0.0,0.4,0.2,0.4
66,0,33,M,Widowed,Medium,,,,,,40,136,0.02,0.0,8,1409.11,10,0.25,0.25,0.0,0.38
67,0,22,F,Single,Medium,2.0,223.0,1.0,0.0,1.0,17,161,0.06,0.0,4,701.76,52,0.75,0.0,0.0,0.0
68,1,59,F,Divorced,High,2.0,207.0,0.0,0.0,0.5,5,159,0.0,0.2,4,886.4799999999999,55,0.25,0.25,0.0,0.25
69,0,60,F,Single,Low,1.0,86.0,1.0,1.0,0.0,29,48,0.0,0.0,4,1038.53,27,0.25,0.0,0.25,0.0
70,0,49,F,Married,Medium,,,,,,10,291,0.0,0.0,7,2453.98,18,0.29,0.14,0.43,0.0
71,1,19,F,Divorced,Low,2.0,261.0,0.5,0.5,0.5,47,136,0.02,0.0,3,474.59000000000003,58,0.33,0.0,0.0,0.67
72,1,19,F,Divorced,High,2.0,356.0,0.5,0.0,0.0,25,250,0.04,0.0,6,1080.4,39,0.5,0.33,0.0,0.17
73,1,57,M,Single,Low,1.0,137.0,1.0,0.0,1.0,24,65,0.04,0.0,9,2254.22,45,0.44,0.33,0.0,0.22
74,0,59,M,Widowed,Low,1.0,303.0,1.0,0.0,0.0,44,315,0.0,0.0,8,2083.79,126,0.38,0.12,0.25,0.12
75,1,53,F,Single,High,1.0,131.0,1.0,0.0,1.0,12,197,0.0,0.0,4,769.97,0,0.25,0.25,0.25,0.0
76,1,56,F,Widowed,Medium,2.0,42.0,0.5,0.0,0.5,5,236,0.0,0.2,4,883.92,24,0.5,0.0,0.0,0.0
77,0,29,M,Divorced,High,,,,,,29,77,0.03,0.0,8,1797.06,27,0.5,0.0,0.25,0.0
78,0,64,M,Widowed,Low,1.0,37.0,0.0,0.0,1.0,35,85,0.0,0.0,3,816.89,259,0.33,0.0,0.0,0.67
79,1,36,M,Married,High,1.0,336.0,1.0,0.0,0.0,23,255,0.04,0.0,3,931.3199999999999,17,0.0,0.0,0.33,0.0
80,0,45,M,Widowed,High,,,,,,32,205,0.0,0.0,1,110.82,270,0.0,0.0,1.0,0.0
81,1,18,F,Widowed,Low,,,,,,40,28,0.0,0.02,8,2181.77,122,0.25,0.0,0.25,0.25
82,0,32,F,Divorced,High,,,,,,19,237,0.0,0.0,1,232.38,333,1.0,0.0,0.0,0.0
83,0,53,M,Widowed,Medium,2.0,252.0,0.0,1.0,0.0,25,0,0.0,0.0,6,1419.9199999999998,77,0.33,0.17,0.0,0.33
84,0,30,M,Divorced,Medium,,,,,,45,31,0.02,0.0,5,1545.91,16,0.2,0.0,0.4,0.2
85,0,60,M,Married,High,,,,,,37,145,0.0,0.0,9,1690.08,25,0.22,0.0,0.22,0.33
86,0,38,M,Married,Low,,,,,,1,74,0.0,1.0,7,1674.6599999999999,29,0.43,0.14,0.0,0.43
87,0,29,F,Single,High,2.0,20.0,0.5,0.0,0.5,43,39,0.0,0.02,5,1411.84,5,0.4,0.2,0.2,0.0
88,0,22,M,Single,High,,,,,,13,326,0.08,0.0,2,447.34000000000003,140,0.5,0.0,0.0,0.5
89,0,24,M,Single,Medium,,,,,,12,116,0.0,0.0,7,1951.99,80,0.14,0.43,0.14,0.29
90,0,22,M,Married,Medium,1.0,117.0,1.0,0.0,1.0,47,215,0.02,0.0,6,1229.96,1,0.33,0.0,0.17,0.17
91,0,65,F,Widowed,Low,2.0,220.0,0.5,0.5,0.5,43,331,0.0,0.0,9,1804.74,64,0.22,0.11,0.22,0.11
92,0,21,F,Divorced,Low,2.0,85.0,0.5,0.5,0.5,37,183,0.0,0.0,8,2265.28,22,0.12,0.12,0.25,0.38
93,0,30,F,Married,Low,2.0,84.0,1.0,0.0,0.0,42,76,0.0,0.0,5,848.07,21,0.0,0.2,0.0,0.4
94,0,54,M,Widowed,High,,,,,,41,187,0.0,0.02,3,1113.6100000000001,2,0.0,0.33,0.67,0.0
95,0,58,F,Single,High,1.0,153.0,1.0,0.0,0.0,12,194,0.08,0.0,3,677.27,54,0.33,0.0,0.33,0.33
96,0,32,F,Divorced,High,2.0,313.0,0.0,0.0,0.0,36,307,0.0,0.0,1,161.84,129,0.0,1.0,0.0,0.0
97,0,33,M,Single,High,2.0,141.0,1.0,0.0,0.5,38,11,0.0,0.03,2,553.65,111,0.0,0.0,1.0,0.0
98,0,38,F,Divorced,Low,1.0,32.0,1.0,1.0,0.0,9,222,0.0,0.0,5,893.76,50,0.2,0.4,0.0,0.2
99,0,53,M,Widowed,Low,,,,,,14,324,0.07,0.0,5,889.75,52,0.2,0.2,0.0,0.4
100,1,41,F,Married,Low,2.0,29.0,1.0,0.5,0.0,45,212,0.02,0.0,4,1108.56,4,0.5,0.0,0.0,0.5
101,0,33,F,Single,High,2.0,70.0,0.5,0.5,0.5,35,350,0.03,0.0,1,492.35,206,0.0,0.0,0.0,1.0
102,0,31,M,Married,High,2.0,61.0,0.5,0.5,0.0,32,351,0.03,0.0,6,2029.96,1,0.17,0.33,0.17,0.33
103,0,39,M,Widowed,Low,2.0,5.0,1.0,1.0,0.0,46,248,0.0,0.0,9,2297.73,11,0.22,0.22,0.33,0.0
104,1,66,F,Widowed,Medium,2.0,252.0,0.5,0.0,1.0,3,283,0.33,0.0,9,2666.84,12,0.22,0.56,0.11,0.11
105,0,67,F,Widowed,Low,2.0,75.0,0.0,0.0,1.0,30,7,0.0,0.03,8,1863.6,11,0.25,0.0,0.5,0.25
106,0,23,M,Married,High,2.0,223.0,0.5,0.0,0.5,49,164,0.0,0.0,3,875.08,32,0.33,0.0,0.33,0.33
107,1,59,F,Married,High,,,,,,7,338,0.14,0.0,6,1542.76,35,0.33,0.0,0.33,0.17
108,1,53,M,Divorced,Low,2.0,47.0,0.0,0.5,0.5,1,282,0.0,0.0,2,494.30999999999995,74,0.5,0.0,0.0,0.0
109,0,18,M,Married,Medium,2.0,19.0,0.0,0.0,0.5,20,247,0.0,0.0,6,1274.7,7,0.17,0.17,0.17,0.17
110,1,49,M,Married,Medium,2.0,25.0,1.0,0.5,0.5,25,82,0.0,0.04,3,723.0,48,0.33,0.33,0.0,0.0
111,1,23,F,Widowed,High,1.0,300.0,0.0,0.0,1.0,33,197,0.0,0.03,2,613.1800000000001,83,0.0,0.0,0.5,0.0
112,0,48,F,Divorced,High,1.0,296.0,1.0,0.0,1.0,35,76,0.0,0.03,3,750.17,2,0.33,0.0,0.33,0.0
113,0,18,F,Married,High,1.0,136.0,0.0,0.0,0.0,44,263,0.02,0.0,7,1834.01,73,0.14,0.29,0.29,0.0
114,0,67,F,Married,Low,,,,,,24,151,0.0,0.04,8,2133.28,27,0.25,0.25,0.12,0.12
115,0,68,F,Widowed,High,,,,,,14,101,0.0,0.0,5,653.62,100,0.4,0.2,0.2,0.0
116,0,54,M,Married,High,1.0,218.0,1.0,0.0,0.0,39,133,0.0,0.0,7,1504.28,11,0.0,0.29,0.14,0.0
117,0,52,F,Widowed,High,,,,,,44,6,0.02,0.0,2,448.48,4,0.5,0.5,0.0,0.0
118,0,66,M,Divorced,Medium,1.0,331.0,0.0,0.0,1.0,34,91,0.03,0.0,6,1625.39,13,0.33,0.33,0.17,0.0
119,1,47,M,Widowed,Medium,2.0,307.0,1.0,0.5,0.0,18,277,0.0,0.0,8,2012.3300000000002,57,0.25,0.12,0.12,0.38
120,0,21,F,Widowed,High,2.0,53.0,0.5,0.5,0.0,2,311,0.5,0.0,6,1168.79,2,0.0,0.33,0.0,0.17
121,0,52,M,Divorced,Medium,2.0,24.0,0.5,0.0,0.0,38,113,0.0,0.0,5,1073.01,39,0.2,0.0,0.4,0.2
122,1,60,F,Single,Medium,1.0,273.0,1.0,1.0,0.0,17,200,0.0,0.0,9,2825.52,15,0.22,0.22,0.11,0.33
123,1,31,M,Widowed,Medium,2.0,49.0,1.0,0.0,1.0,23,291,0.0,0.0,3,938.58,15,0.0,0.33,0.0,0.67
124,0,66,M,Married,Medium,2.0,5.0,1.0,0.5,0.5,33,315,0.0,0.03,7,2283.88,34,0.29,0.29,0.14,0.0
125,0,57,M,Widowed,Low,,,,,,28,193,0.04,0.0,2,744.89,123,0.0,0.5,0.0,0.5
126,0,39,F,Divorced,Medium,,,,,,15,231,0.0,0.07,9,2323.02,49,0.44,0.0,0.11,0.33
127,0,27,F,Married,Medium,1.0,246.0,1.0,1.0,0.0,11,347,0.0,0.09,8,1976.17,0,0.12,0.12,0.38,0.38
128,1,18,F,Divorced,Medium,2.0,135.0,0.5,0.0,0.0,23,177,0.0,0.04,2,630.2,239,0.5,0.0,0.0,0.0
129,0,28,F,Widowed,Medium,1.0,234.0,1.0,0.0,1.0,13,285,0.0,0.08,2,243.55,32,0.0,0.0,0.0,0.5
130,0,68,M,Divorced,Low,1.0,115.0,0.0,1.0,0.0,47,309,0.0,0.0,2,552.23,54,0.0,1.0,0.0,0.0
131,0,61,F,Divorced,Low,1.0,27.0,1.0,0.0,1.0,11,98,0.0,0.09,8,2726.7,87,0.12,0.38,0.12,0.12
132,0,41,F,Single,High,,,,,,36,199,0.0,0.03,9,1879.94,73,0.11,0.33,0.11,0.33
133,0,20,M,Widowed,Medium,1.0,140.0,1.0,0.0,1.0,38,262,0.0,0.0,4,896.27,124,0.0,0.5,0.0,0.5
134,0,52,M,Widowed,Medium,1.0,248.0,0.0,0.0,1.0,27,360,0.0,0.0,6,1570.08,2,0.33,0.17,0.17,0.33
135,0,53,F,Widowed,High,,,,,,18,195,0.0,0.0,2,441.75,221,0.0,0.5,0.0,0.0
136,0,48,M,Widowed,Low,,,,,,40,54,0.0,0.0,2,419.86,1,0.0,0.0,0.5,0.0
137,1,21,F,Married,High,,,,,,38,195,0.03,0.0,1,431.47,195,0.0,1.0,0.0,0.0
138,0,36,M,Divorced,Low,1.0,305.0,0.0,0.0,1.0,34,286,0.03,0.0,8,2804.65,82,0.38,0.25,0.12,0.0
139,0,64,F,Widowed,High,2.0,165.0,0.5,0.5,0.5,22,211,0.0,0.05,7,2045.49,162,0.29,0.71,0.0,0.0
140,0,53,M,Married,High,1.0,247.0,1.0,1.0,0.0,18,71,0.0,0.0,3,1024.23,110,0.67,0.0,0.0,0.33
141,0,38,F,Widowed,Medium,2.0,221.0,1.0,0.0,0.0,41,186,0.02,0.0,7,2483.75,27,0.29,0.29,0.14,0.29
142,0,35,M,Divorced,High,1.0,301.0,0.0,1.0,0.0,18,248,0.0,0.0,5,1391.99,31,0.4,0.0,0.0,0.2
143,0,68,F,Widowed,Low,1.0,23.0,1.0,0.0,1.0,13,6,0.0,0.08,2,343.27,298,0.0,0.0,0.0,0.0
144,1,45,F,Married,Low,1.0,168.0,1.0,0.0,1.0,39,316,0.03,0.0,1,419.85,65,0.0,1.0,0.0,0.0
145,0,32,F,Married,High,2.0,64.0,0.0,0.5,0.0,16,81,0.06,0.0,5,1768.7,13,0.0,0.0,0.2,0.0
146,0,59,F,Divorced,Low,,,,,,8,19,0.0,0.0,5,1373.73,7,0.4,0.2,0.2,0.2
147,0,19,F,Widowed,High,2.0,41.0,0.5,0.5,0.0,34,120,0.0,0.0,8,2260.34,34,0.5,0.0,0.12,0.25
148,0,54,F,Married,Medium,2.0,201.0,0.5,0.0,0.5,29,297,0.0,0.03,1,13.04,28,0.0,0.0,0.0,1.0
149,0,28,M,Single,Medium,1.0,290.0,1.0,0.0,0.0,6,317,0.17,0.0,1,444.84,247,0.0,0.0,0.0,0.0
150,0,40,F,Widowed,Medium,,,,,,38,185,0.0,0.0,8,1193.26,18,0.25,0.25,0.12,0.12
151,0,61,M,Single,Medium,2.0,39.0,0.5,0.5,0.5,36,212,0.0,0.0,1,334.2,11,0.0,0.0,1.0,0.0
152,0,58,F,Married,High,,,,,,48,92,0.0,0.0,7,1448.8,18,0.0,0.29,0.43,0.29
153,0,29,M,Married,Low,1.0,148.0,0.0,0.0,0.0,42,339,0.02,0.0,5,1735.16,82,0.2,0.0,0.2,0.4
154,0,20,F,Divorced,High,,,,,,26,256,0.0,0.0,7,1753.55,139,0.14,0.29,0.0,0.0
155,0,69,M,Divorced,Low,2.0,36.0,1.0,0.0,0.0,18,267,0.0,0.06,8,1883.08,73,0.38,0.25,0.0,0.25
156,0,34,F,Widowed,High,,,,,,11,184,0.0,0.0,7,702.9200000000001,189,0.0,0.14,0.14,0.29
157,0,50,M,Married,Low,,,,,,27,201,0.0,0.0,7,2412.6800000000003,52,0.29,0.0,0.14,0.43
158,0,18,F,Married,Low,,,,,,30,89,0.03,0.0,7,1471.29,71,0.14,0.14,0.29,0.14
159,0,56,M,Married,High,2.0,262.0,0.0,0.0,0.5,18,234,0.0,0.06,1,25.75,276,0.0,1.0,0.0,0.0
160,1,37,M,Married,Medium,2.0,164.0,0.5,0.0,0.5,43,243,0.02,0.0,8,2053.13,18,0.0,0.25,0.25,0.25
161,0,64,M,Single,High,1.0,187.0,0.0,0.0,0.0,4,160,0.0,0.0,6,1983.84,121,0.17,0.5,0.17,0.17
162,0,60,F,Married,Medium,2.0,33.0,0.5,0.5,0.0,6,203,0.0,0.0,3,425.88,137,0.33,0.0,0.33,0.0
163,0,69,M,Divorced,High,2.0,76.0,0.5,0.5,0.5,22,352,0.0,0.0,3,1064.88,24,0.33,0.33,0.0,0.0
164,1,58,F,Widowed,Low,1.0,24.0,1.0,1.0,0.0,2,36,0.0,0.5,5,955.49,73,0.2,0.0,0.4,0.0
165,0,31,F,Widowed,Medium,,,,,,47,305,0.0,0.0,1,181.34,85,1.0,0.0,0.0,0.0
166,0,48,F,Widowed,Low,1.0,48.0,1.0,1.0,0.0,48,150,0.02,0.0,5,1241.5,23,0.0,0.2,0.6,0.0
167,0,42,F,Single,Low,1.0,26.0,1.0,1.0,0.0,40,303,0.0,0.02,8,2356.35,4,0.12,0.12,0.25,0.25
168,1,20,M,Married,Low,2.0,105.0,0.5,0.0,0.0,32,124,0.0,0.03,4,1126.93,224,0.0,0.5,0.25,0.0
169,0,21,F,Widowed,High,1.0,174.0,0.0,0.0,1.0,39,196,0.0,0.0,9,2164.75,16,0.11,0.0,0.67,0.11
170,1,48,M,Divorced,Low,1.0,359.0,0.0,0.0,1.0,21,80,0.0,0.05,7,1448.33,9,0.29,0.14,0.0,0.14
171,0,52,F,Single,High,1.0,105.0,1.0,1.0,0.0,8,241,0.0,0.0,7,2532.71,101,0.14,0.14,0.14,0.29
172,0,61,M,Married,Medium,2.0,182.0,0.5,0.0,0.5,25,19,0.0,0.04,6,1972.76,35,0.0,0.33,0.5,0.17
173,0,31,F,Married,Low,1.0,46.0,1.0,0.0,1.0,41,70,0.0,0.0,3,606.09,82,0.0,0.33,0.0,0.0
174,1,66,F,Married,Medium,1.0,275.0,0.0,0.0,0.0,36,297,0.0,0.0,7,1801.46,23,0.14,0.14,0.14,0.0
175,0,58,M,Married,Medium,2.0,285.0,0.5,0.0,1.0,4,34,0.0,0.25,7,1218.9,62,0.0,0.29,0.14,0.14
176,1,26,F,Single,High,,,,,,15,99,0.0,0.07,6,936.78,13,0.5,0.0,0.17,0.17
177,0,37,F,Divorced,Medium,1.0,324.0,0.0,0.0,1.0,28,301,0.0,0.04,1,429.79,110,0.0,1.0,0.0,0.0
178,0,49,F,Married,High,,,,,,20,239,0.0,0.05,3,741.63,16,0.33,0.0,0.0,0.67
179,0,26,F,Single,High,,,,,,38,116,0.0,0.03,2,412.58000000000004,312,0.0,0.5,0.0,0.5
180,0,44,F,Single,Medium,,,,,,6,335,0.17,0.0,7,1985.93,19,0.14,0.14,0.0,0.43
181,0,20,F,Divorced,Medium,,,,,,30,253,0.0,0.0,2,715.6800000000001,20,1.0,0.0,0.0,0.0
182,0,21,F,Single,Medium,2.0,35.0,1.0,0.0,1.0,32,202,0.03,0.0,5,1491.65,69,0.2,0.4,0.2,0.0
183,1,62,F,Single,High,1.0,330.0,1.0,0.0,1.0,49,254,0.02,0.0,3,1135.44,69,0.0,0.0,0.0,1.0
184,0,32,M,Widowed,High,,,,,,41,261,0.02,0.0,2,97.19,96,0.0,0.0,0.5,0.5
185,0,50,F,Widowed,Medium,2.0,69.0,1.0,0.0,0.5,4,69,0.25,0.0,6,1284.89,14,0.33,0.17,0.17,0.33
186,0,22,M,Divorced,High,,,,,,35,74,0.0,0.0,3,460.87,200,0.33,0.0,0.67,0.0
187,0,21,F,Widowed,Medium,2.0,43.0,1.0,0.5,0.0,30,356,0.0,0.0,2,513.26,50,0.5,0.0,0.0,0.0
188,0,63,M,Single,High,2.0,108.0,0.5,0.5,0.5,49,277,0.0,0.0,6,1768.25,30,0.17,0.17,0.33,0.17
189,0,29,M,Single,High,2.0,118.0,0.5,0.5,0.5,41,193,0.0,0.0,3,574.4699999999999,180,0.33,0.0,0.33,0.0
190,1,40,M,Divorced,Low,1.0,205.0,0.0,0.0,1.0,22,274,0.0,0.05,7,1417.97,59,0.0,0.29,0.0,0.57
191,0,31,F,Single,Low,2.0,276.0,0.5,0.5,0.5,2,319,0.0,0.5,7,1942.65,46,0.14,0.29,0.14,0.29
192,0,63,F,Divorced,Medium,2.0,34.0,0.5,0.5,0.0,12,177,0.0,0.08,3,1172.53,23,0.0,0.67,0.33,0.0
193,0,29,M,Widowed,Low,2.0,75.0,0.5,0.5,0.5,34,234,0.0,0.03,1,270.34,155,1.0,0.0,0.0,0.0
194,0,34,F,Widowed,High,,,,,,34,69,0.0,0.03,5,1388.97,110,0.4,0.0,0.4,0.0
195,0,42,F,Married,Medium,2.0,105.0,0.5,0.5,0.5,14,299,0.0,0.07,6,1711.71,175,0.0,0.33,0.0,0.33
196,0,47,M,Widowed,Low,2.0,247.0,0.0,0.0,0.5,39,343,0.0,0.03,8,2134.16,9,0.12,0.38,0.12,0.25
197,1,39,F,Married,Medium,2.0,168.0,0.5,0.0,0.5,39,290,0.03,0.0,4,925.4300000000001,23,0.0,0.25,0.25,0.0
198,0,64,M,Married,Medium,,,,,,45,193,0.02,0.0,7,1461.25,38,0.14,0.14,0.14,0.0
199,0,43,M,Married,High,2.0,44.0,0.5,0.5,0.0,6,357,0.0,0.17,6,1270.25,40,0.0,0.5,0.0,0.17
200,0,34,F,Single,Low,2.0,44.0,1.0,0.0,0.5,8,324,0.12,0.0,6,1702.06,57,0.0,0.0,0.33,0.5
201,1,37,M,Married,High,2.0,131.0,0.5,0.5,0.5,27,139,0.04,0.0,3,956.5799999999999,290,0.33,0.0,0.0,0.33
202,0,51,F,Widowed,Medium,2.0,107.0,1.0,0.5,0.5,12,299,0.0,0.0,1,336.18,200,0.0,1.0,0.0,0.0
203,0,58,F,Divorced,Medium,2.0,124.0,1.0,0.0,0.0,21,259,0.0,0.05,6,1767.9,13,0.0,0.33,0.33,0.17
204,0,50,F,Widowed,Medium,2.0,176.0,0.5,1.0,0.0,38,237,0.03,0.0,2,454.14,138,0.0,0.0,0.5,0.0
205,0,54,F,Divorced,Low,,,,,,4,338,0.0,0.0,4,741.9699999999999,7,0.25,0.0,0.0,0.5
206,0,24,M,Widowed,High,,,,,,25,34,0.0,0.0,1,99.58,109,1.0,0.0,0.0,0.0
207,0,39,F,Divorced,High,,,,,,43,278,0.0,0.02,8,1799.17,35,0.12,0.25,0.0,0.38
208,0,49,F,Widowed,Low,,,,,,24,211,0.04,0.0,2,436.89,293,1.0,0.0,0.0,0.0
209,0,31,F,Divorced,High,,,,,,12,80,0.0,0.0,4,1328.06,26,0.25,0.25,0.25,0.25
210,0,25,M,Married,High,,,,,,29,160,0.03,0.0,7,1727.27,73,0.29,0.29,0.14,0.29
211,0,42,M,Divorced,Medium,,,,,,35,303,0.03,0.0,6,1222.21,14,0.33,0.0,0.33,0.0
212,0,33,F,Married,Medium,1.0,59.0,1.0,1.0,0.0,37,200,0.0,0.03,7,1047.61,3,0.14,0.29,0.14,0.29
213,1,59,F,Widowed,Medium,1.0,351.0,1.0,0.0,0.0,30,311,0.0,0.03,7,2092.89,6,0.0,0.71,0.0,0.14
214,0,36,F,Divorced,Low,,,,,,41,59,0.02,0.0,2,734.1,295,0.0,0.5,0.0,0.0
215,0,58,F,Divorced,Medium,2.0,36.0,0.0,0.0,0.5,42,54,0.02,0.0,6,1343.7,16,0.33,0.0,0.17,0.17
216,0,33,F,Widowed,High,2.0,17.0,1.0,1.0,0.0,35,116,0.0,0.0,5,1570.8600000000001,74,0.4,0.4,0.0,0.2
217,1,29,M,Married,Low,1.0,271.0,0.0,1.0,0.0,1,139,1.0,0.0,8,2576.78,36,0.38,0.12,0.38,0.0
218,0,56,F,Married,High,,,,,,40,202,0.0,0.0,7,1766.57,13,0.29,0.14,0.0,0.29
219,0,65,M,Single,Low,,,,,,26,166,0.04,0.0,4,1624.32,86,0.25,0.0,0.5,0.25
220,0,47,M,Single,High,,,,,,35,49,0.03,0.0,3,1030.46,158,0.0,0.67,0.0,0.0
221,1,19,F,Single,Low,1.0,223.0,1.0,0.0,0.0,42,198,0.0,0.0,4,1277.29,241,0.0,0.25,0.5,0.0
222,0,49,M,Divorced,High,,,,,,7,211,0.0,0.14,7,1702.45,19,0.0,0.14,0.14,0.43
223,0,62,F,Divorced,Medium,1.0,131.0,1.0,0.0,1.0,4,162,0.25,0.0,6,1736.26,49,0.33,0.17,0.0,0.5
224,0,42,M,Divorced,Low,,,,,,5,229,0.0,0.2,8,2520.32,39,0.12,0.12,0.25,0.38
225,0,42,M,Widowed,High,2.0,233.0,0.5,1.0,0.0,39,169,0.03,0.0,8,2650.29,7,0.0,0.5,0.12,0.0
226,0,21,F,Single,High,1.0,343.0,0.0,1.0,0.0,11,296,0.0,0.0,7,1461.18,15,0.43,0.14,0.29,0.0
227,1,36,M,Widowed,High,,,,,,15,53,0.07,0.0,7,1250.35,11,0.29,0.29,0.14,0.14
228,0,65,F,Single,High,2.0,148.0,0.5,0.5,0.5,32,76,0.0,0.03,6,2185.36,178,0.0,0.17,0.17,0.17
229,0,21,F,Single,Medium,1.0,140.0,0.0,0.0,1.0,37,8,0.0,0.03,9,2559.03,111,0.33,0.0,0.22,0.22
230,1,60,F,Divorced,Medium,2.0,112.0,0.5,0.0,0.0,9,118,0.11,0.0,6,1468.07,35,0.5,0.17,0.0,0.0
231,1,30,F,Married,Low,,,,,,47,314,0.02,0.0,4,1353.42,5,0.25,0.0,0.0,0.25
232,0,56,F,Single,Low,2.0,36.0,0.0,1.0,0.0,32,114,0.03,0.0,8,2082.19,55,0.12,0.25,0.38,0.25
233,0,53,F,Married,High,2.0,82.0,1.0,0.0,1.0,33,104,0.0,0.03,3,817.4200000000001,47,0.33,0.33,0.0,0.0
234,1,40,M,Widowed,Low,,,,,,23,195,0.04,0.0,8,1576.7,91,0.12,0.25,0.25,0.25
235,0,23,M,Divorced,High,2.0,172.0,0.0,1.0,0.0,15,3,0.0,0.0,3,770.5,94,0.0,1.0,0.0,0.0
236,1,41,F,Single,Low,2.0,175.0,1.0,0.5,0.0,30,97,0.03,0.0,6,1482.99,13,0.33,0.5,0.17,0.0
237,1,61,M,Divorced,Low,,,,,,16,352,0.06,0.0,1,398.99,333,0.0,1.0,0.0,0.0
238,1,50,M,Widowed,High,1.0,176.0,0.0,0.0,1.0,22,102,0.0,0.0,3,762.4399999999999,63,0.0,0.0,0.0,0.67
239,1,29,F,Married,Medium,1.0,55.0,0.0,0.0,0.0,43,83,0.0,0.0,9,2654.84,19,0.0,0.56,0.22,0.0
240,0,58,M,Divorced,High,1.0,281.0,1.0,0.0,0.0,30,157,0.03,0.0,2,859.47,35,0.0,0.0,0.0,1.0
241,0,38,F,Divorced,Medium,1.0,215.0,1.0,0.0,0.0,1,12,0.0,0.0,9,2185.9300000000003,96,0.44,0.22,0.0,0.11
242,1,28,F,Single,Low,2.0,97.0,0.5,0.5,0.0,35,318,0.03,0.0,3,726.73,46,0.33,0.33,0.0,0.33
243,0,61,M,Married,Medium,1.0,12.0,0.0,0.0,1.0,18,22,0.0,0.06,9,2362.18,40,0.33,0.11,0.0,0.22
244,0,55,F,Widowed,High,2.0,111.0,0.0,0.0,0.0,15,193,0.07,0.0,7,1649.9,23,0.43,0.29,0.14,0.14
245,0,46,F,Single,Low,,,,,,21,227,0.05,0.0,9,2965.09,50,0.22,0.11,0.22,0.22
246,0,65,F,Divorced,Medium,1.0,91.0,1.0,0.0,1.0,40,282,0.0,0.0,4,1171.1399999999999,34,0.5,0.25,0.25,0.0
247,0,58,F,Divorced,Medium,2.0,68.0,1.0,0.5,0.0,2,7,0.5,0.0,7,1887.6799999999998,86,0.57,0.29,0.0,0.14
248,1,20,M,Married,High,1.0,187.0,0.0,0.0,0.0,30,127,0.03,0.0,5,1519.1399999999999,40,0.2,0.0,0.4,0.2
249,0,45,F,Widowed,Low,1.0,351.0,0.0,0.0,0.0,40,328,0.0,0.02,1,356.39,338,0.0,0.0,0.0,0.0
250,0,37,M,Widowed,Low,1.0,259.0,1.0,0.0,1.0,32,356,0.0,0.03,7,1607.36,3,0.14,0.29,0.14,0.29
251,1,43,F,Divorced,Medium,1.0,78.0,1.0,0.0,0.0,28,282,0.0,0.04,7,1968.79,26,0.14,0.14,0.29,0.14
252,1,41,M,Widowed,Medium,,,,,,11,142,0.09,0.0,4,980.71,156,0.25,0.0,0.0,0.75
253,0,69,M,Single,Medium,1.0,161.0,1.0,0.0,0.0,7,28,0.14,0.0,5,1319.11,30,0.4,0.2,0.2,0.0
254,1,64,F,Married,Low,2.0,155.0,0.5,0.0,0.5,1,128,0.0,0.0,9,2220.26,22,0.11,0.33,0.22,0.11
255,0,38,M,Divorced,Medium,1.0,258.0,0.0,0.0,0.0,43,197,0.0,0.0,7,2672.69,3,0.14,0.14,0.43,0.0
256,0,47,F,Widowed,Medium,2.0,142.0,0.5,0.5,0.5,28,127,0.0,0.0,1,208.67,85,0.0,0.0,0.0,1.0
257,0,21,F,Widowed,Low,1.0,6.0,1.0,0.0,1.0,39,334,0.0,0.03,1,92.62,343,0.0,0.0,1.0,0.0
258,0,53,M,Single,Low,2.0,52.0,0.5,0.5,0.0,19,197,0.0,0.0,4,832.85,55,0.25,0.0,0.0,0.75
259,0,57,M,Widowed,High,1.0,207.0,1.0,1.0,0.0,39,290,0.03,0.0,6,1469.67,70,0.17,0.17,0.33,0.0
260,1,27,M,Single,Low,1.0,4.0,1.0,0.0,1.0,32,129,0.0,0.03,8,2395.72,61,0.25,0.12,0.38,0.12
261,1,27,M,Married,Low,1.0,214.0,0.0,0.0,0.0,49,216,0.02,0.0,1,489.07,214,1.0,0.0,0.0,0.0
262,1,59,F,Divorced,High,2.0,256.0,0.0,1.0,0.0,30,330,0.0,0.03,9,2940.59,26,0.22,0.11,0.22,0.22
263,0,41,M,Single,Low,2.0,176.0,1.0,0.5,0.0,2,3,0.0,0.5,1,13.04,51,0.0,0.0,0.0,1.0
264,0,21,F,Widowed,High,1.0,300.0,1.0,0.0,1.0,44,298,0.02,0.0,2,525.02,161,0.0,0.5,0.0,0.0
265,0,64,M,Widowed,Low,,,,,,43,269,0.02,0.0,5,1511.8700000000001,125,0.2,0.0,0.2,0.4
266,0,44,M,Married,High,1.0,28.0,1.0,0.0,1.0,37,358,0.03,0.0,1,459.39,254,0.0,0.0,0.0,0.0
267,0,68,F,Single,Medium,1.0,87.0,0.0,0.0,1.0,19,37,0.05,0.0,3,461.36,38,0.33,0.33,0.0,0.0
268,0,62,M,Divorced,Medium,,,,,,26,12,0.0,0.0,5,1096.16,48,0.2,0.4,0.0,0.0
269,0,21,F,Widowed,Medium,2.0,225.0,0.5,1.0,0.0,1,198,0.0,0.0,9,2123.87,19,0.11,0.33,0.22,0.0
270,0,49,M,Single,High,1.0,289.0,0.0,0.0,1.0,42,263,0.0,0.0,3,734.74,37,0.0,0.0,0.67,0.0
271,1,27,M,Widowed,Medium,,,,,,28,64,0.04,0.0,3,865.97,6,0.0,0.33,0.33,0.0
272,1,28,F,Divorced,Low,2.0,12.0,0.0,0.5,0.5,26,168,0.04,0.0,8,1170.04,103,0.12,0.12,0.0,0.25
273,0,45,F,Single,High,,,,,,40,123,0.0,0.0,7,1562.83,28,0.43,0.29,0.0,0.0
274,0,63,F,Widowed,Low,1.0,205.0,0.0,1.0,0.0,35,341,0.03,0.0,4,1117.33,132,0.25,0.25,0.25,0.0
275,0,25,F,Divorced,Low,2.0,214.0,0.5,0.5,0.5,3,199,0.0,0.33,3,605.79,208,0.33,0.0,0.0,0.67
276,1,57,F,Single,Low,,,,,,26,212,0.04,0.0,7,2069.7,92,0.0,0.14,0.14,0.29
277,0,39,F,Single,High,,,,,,33,178,0.0,0.0,6,1217.78,55,0.17,0.5,0.17,0.17
278,0,51,F,Married,Low,1.0,146.0,0.0,1.0,0.0,22,312,0.05,0.0,5,1423.1,130,0.2,0.0,0.2,0.2
279,0,62,M,Divorced,Medium,1.0,261.0,1.0,0.0,1.0,6,263,0.0,0.0,4,1209.94,192,0.5,0.0,0.25,0.0
280,0,52,F,Single,High,2.0,202.0,0.5,0.0,0.5,42,42,0.02,0.0,4,836.33,45,0.0,0.25,0.25,0.0
281,0,52,M,Married,Medium,1.0,160.0,1.0,0.0,1.0,34,16,0.03,0.0,8,1563.95,105,0.12,0.12,0.38,0.25
282,1,42,M,Single,High,1.0,66.0,1.0,1.0,0.0,3,162,0.33,0.0,5,2016.68,27,0.0,0.4,0.2,0.2
283,1,51,F,Widowed,Low,,,,,,17,102,0.06,0.0,5,1362.8600000000001,21,0.2,0.0,0.8,0.0
284,0,23,M,Married,Medium,,,,,,6,230,0.0,0.0,6,1683.1299999999999,155,0.17,0.33,0.17,0.33
285,0,58,M,Single,High,,,,,,42,122,0.0,0.0,5,1026.5900000000001,16,0.0,0.2,0.2,0.4
286,1,54,F,Widowed,Low,2.0,75.0,0.5,1.0,0.0,5,272,0.0,0.2,2,512.1899999999999,24,0.0,0.0,0.5,0.0
287,0,18,M,Widowed,Low,2.0,26.0,0.5,0.0,1.0,20,204,0.0,0.05,2,615.0699999999999,17,0.5,0.0,0.0,0.0
288,0,29,F,Widowed,High,2.0,43.0,0.0,0.0,0.5,1,285,0.0,1.0,8,2217.85,33,0.38,0.25,0.12,0.12
289,0,52,M,Married,High,,,,,,24,47,0.0,0.0,1,30.48,206,0.0,0.0,0.0,1.0
290,0,23,M,Widowed,High,1.0,9.0,0.0,0.0,1.0,9,107,0.0,0.0,1,403.33,6,0.0,1.0,0.0,0.0
291,0,34,F,Divorced,High,2.0,134.0,0.0,0.5,0.0,15,96,0.0,0.07,6,1572.74,76,0.33,0.0,0.33,0.17
292,0,26,M,Single,Medium,2.0,247.0,0.5,1.0,0.0,37,25,0.0,0.03,8,2429.7,11,0.25,0.12,0.25,0.25
293,0,19,M,Divorced,High,,,,,,18,339,0.0,0.0,1,209.68,246,0.0,1.0,0.0,0.0
294,0,35,F,Widowed,Low,1.0,113.0,1.0,0.0,1.0,22,287,0.05,0.0,6,1882.08,30,0.0,0.0,0.5,0.17
295,0,66,F,Widowed,Medium,,,,,,11,297,0.0,0.09,3,960.99,117,0.0,0.0,0.33,0.0
296,0,53,M,Divorced,Low,1.0,278.0,0.0,0.0,1.0,38,30,0.0,0.0,1,261.24,207,0.0,0.0,1.0,0.0
297,0,45,M,Married,Low,,,,,,3,86,0.0,0.0,8,1714.0900000000001,99,0.12,0.12,0.12,0.5
298,0,58,F,Widowed,High,1.0,53.0,0.0,1.0,0.0,29,130,0.0,0.03,6,1305.25,156,0.0,0.33,0.17,0.17
299,0,54,M,Widowed,Medium,2.0,210.0,0.5,0.0,1.0,46,57,0.0,0.0,1,9.8,40,0.0,0.0,0.0,1.0
300,0,66,F,Divorced,High,2.0,57.0,1.0,0.5,0.5,32,77,0.0,0.03,4,926.5300000000001,148,0.25,0.0,0.25,0.5
301,0,43,F,Widowed,Low,1.0,91.0,1.0,0.0,1.0,34,90,0.03,0.0,6,1298.95,19,0.17,0.33,0.0,0.17
302,0,21,M,Widowed,High,2.0,92.0,1.0,0.5,0.5,8,316,0.0,0.12,4,925.58,91,0.25,0.0,0.5,0.0
303,0,57,F,Married,High,1.0,129.0,1.0,0.0,0.0,34,225,0.03,0.0,3,948.96,237,0.33,0.67,0.0,0.0
304,0,53,F,Married,High,1.0,22.0,0.0,0.0,1.0,5,247,0.2,0.0,3,695.73,105,0.33,0.0,0.33,0.33
305,0,68,M,Married,High,,,,,,9,169,0.0,0.0,1,288.26,197,0.0,0.0,0.0,1.0
306,0,48,F,Married,High,,,,,,17,242,0.0,0.0,9,2285.6,25,0.11,0.11,0.22,0.11
307,0,47,M,Married,High,1.0,289.0,1.0,0.0,0.0,20,57,0.0,0.0,4,1416.68,12,0.25,0.0,0.25,0.0
308,0,67,M,Widowed,Medium,,,,,,42,69,0.0,0.0,7,1791.69,13,0.0,0.14,0.29,0.43
309,0,51,M,Single,High,1.0,2.0,1.0,0.0,1.0,27,259,0.04,0.0,5,1400.5,62,0.4,0.0,0.0,0.2
310,0,36,F,Widowed,Medium,,,,,,5,179,0.2,0.0,4,1058.14,17,0.25,0.0,0.5,0.0
311,1,35,M,Widowed,High,2.0,206.0,1.0,0.0,0.0,46,177,0.0,0.0,5,592.9,97,0.2,0.0,0.4,0.2
312,0,47,M,Single,Medium,2.0,283.0,0.0,0.5,0.5,29,191,0.0,0.03,2,283.16,283,0.5,0.0,0.5,0.0
313,0,38,M,Divorced,Low,,,,,,11,195,0.09,0.0,1,34.91,68,0.0,0.0,1.0,0.0
314,0,20,M,Single,Medium,1.0,149.0,0.0,0.0,1.0,26,285,0.0,0.0,2,536.29,67,0.0,0.0,0.0,0.5
315,1,23,F,Married,Medium,1.0,347.0,0.0,0.0,0.0,23,83,0.0,0.0,2,601.31,51,0.5,0.0,0.5,0.0
316,0,55,F,Widowed,Low,,,,,,18,337,0.0,0.0,8,649.71,98,0.38,0.12,0.25,0.12
317,0,30,M,Married,High,2.0,223.0,0.0,0.0,0.0,20,212,0.0,0.05,3,467.83,172,0.0,0.0,0.33,0.33
318,0,62,F,Single,High,,,,,,44,111,0.0,0.02,8,2145.44,10,0.12,0.12,0.25,0.38
319,0,20,F,Divorced,Medium,,,,,,21,294,0.05,0.0,1,477.46,138,0.0,0.0,0.0,0.0
320,0,65,F,Divorced,High,2.0,305.0,0.5,0.5,0.0,26,323,0.04,0.0,2,823.75,12,0.0,0.5,0.0,0.5
321,0,45,M,Widowed,High,2.0,33.0,0.5,0.5,0.0,32,62,0.03,0.0,9,2007.24,26,0.11,0.33,0.33,0.22
322,0,39,F,Single,Low,2.0,70.0,0.0,0.5,0.5,1,41,1.0,0.0,1,61.98,211,0.0,1.0,0.0,0.0
323,1,57,F,Married,High,1.0,237.0,1.0,0.0,1.0,2,296,0.0,0.5,4,839.3,20,0.5,0.0,0.25,0.0
324,0,57,F,Married,High,2.0,128.0,0.0,0.0,0.0,4,311,0.0,0.0,6,1369.7,59,0.17,0.17,0.0,0.33
325,0,29,F,Divorced,Medium,2.0,37.0,0.0,0.0,0.0,41,92,0.02,0.0,2,553.79,38,0.5,0.0,0.5,0.0
326,0,40,F,Widowed,High,,,,,,10,280,0.0,0.1,3,605.89,107,0.0,0.0,0.0,0.33
327,0,48,M,Single,High,2.0,0.0,0.5,0.0,0.5,28,126,0.0,0.04,2,403.37,2,0.5,0.0,0.0,0.5
328,0,35,F,Married,Medium,,,,,,49,258,0.0,0.0,5,848.26,33,0.0,0.4,0.0,0.4
329,0,24,F,Divorced,Medium,1.0,190.0,0.0,1.0,0.0,37,140,0.03,0.0,8,2361.19,36,0.12,0.0,0.25,0.38
330,0,25,M,Widowed,Medium,,,,,,17,104,0.0,0.0,9,2582.54,43,0.11,0.11,0.33,0.22
331,0,36,M,Divorced,High,2.0,38.0,0.5,0.5,0.0,30,363,0.0,0.03,5,908.3199999999999,10,0.2,0.2,0.2,0.2
332,0,46,M,Widowed,High,,,,,,6,25,0.0,0.17,5,1577.44,71,0.0,0.0,0.0,0.6
333,0,61,M,Single,High,2.0,12.0,0.5,0.0,0.5,11,18,0.0,0.09,7,2439.39,52,0.14,0.57,0.0,0.14
334,0,37,F,Divorced,High,1.0,203.0,1.0,0.0,0.0,11,347,0.09,0.0,6,1719.37,39,0.0,0.17,0.17,0.5
335,1,67,F,Married,High,2.0,75.0,1.0,1.0,0.0,2,4,0.0,0.0,2,756.52,24,0.5,0.0,0.0,0.0
336,0,59,F,Widowed,High,,,,,,20,340,0.0,0.0,1,135.94,11,0.0,0.0,1.0,0.0
337,0,47,F,Divorced,Medium,,,,,,34,127,0.0,0.03,2,608.06,6,0.0,0.0,0.0,1.0
338,0,64,F,Widowed,Medium,,,,,,41,27,0.0,0.0,1,13.86,31,0.0,0.0,0.0,1.0
339,0,39,M,Divorced,High,1.0,291.0,1.0,1.0,0.0,1,252,0.0,1.0,4,682.9399999999999,34,0.0,0.25,0.0,0.5
340,0,27,F,Divorced,Low,1.0,323.0,0.0,0.0,0.0,48,101,0.0,0.0,6,1147.08,53,0.0,0.33,0.33,0.17
341,0,43,M,Single,Medium,1.0,218.0,1.0,1.0,0.0,27,179,0.04,0.0,6,1022.86,90,0.0,0.17,0.17,0.33
342,1,68,M,Married,High,1.0,19.0,1.0,1.0,0.0,26,90,0.04,0.0,7,2295.76,37,0.0,0.43,0.57,0.0
343,0,50,M,Divorced,Medium,2.0,3.0,1.0,0.5,0.5,26,158,0.04,0.0,3,924.63,191,0.33,0.33,0.0,0.33
344,0,45,F,Single,Low,2.0,266.0,0.5,0.5,0.0,8,187,0.0,0.0,6,1466.6,56,0.33,0.0,0.0,0.33
345,0,27,F,Widowed,Medium,1.0,148.0,1.0,0.0,1.0,29,114,0.03,0.0,8,1980.5,130,0.25,0.25,0.25,0.0
346,0,46,M,Widowed,Medium,1.0,356.0,0.0,0.0,1.0,17,358,0.06,0.0,6,1641.62,32,0.33,0.5,0.17,0.0
347,0,61,M,Divorced,Medium,2.0,40.0,0.5,0.5,0.0,33,164,0.0,0.0,9,1974.45,10,0.22,0.11,0.44,0.11
348,0,35,M,Married,Medium,1.0,295.0,1.0,0.0,0.0,1,31,1.0,0.0,2,704.7,220,0.0,0.0,0.5,0.0
349,0,59,M,Widowed,High,2.0,200.0,1.0,0.0,0.0,24,133,0.0,0.0,6,1376.54,103,0.17,0.33,0.0,0.17
350,0,18,M,Divorced,Low,1.0,204.0,0.0,0.0,0.0,25,252,0.04,0.0,9,2702.27,6,0.11,0.22,0.22,0.11
351,1,40,M,Widowed,High,1.0,312.0,0.0,0.0,0.0,1,161,0.0,0.0,2,588.68,134,0.0,0.0,0.0,0.5
352,0,34,F,Single,Medium,2.0,24.0,0.5,0.0,0.0,26,120,0.0,0.04,5,1493.9,60,0.2,0.2,0.0,0.0
353,1,60,M,Divorced,Medium,2.0,72.0,0.5,0.5,0.5,16,287,0.06,0.0,1,266.08,291,0.0,1.0,0.0,0.0
354,0,54,M,Divorced,Medium,1.0,156.0,0.0,1.0,0.0,49,171,0.02,0.0,3,324.4,243,0.0,0.0,0.33,0.0
355,0,48,M,Divorced,Low,2.0,63.0,0.5,0.0,0.5,33,359,0.0,0.03,1,368.57,280,1.0,0.0,0.0,0.0
356,0,42,M,Single,Low,,,,,,28,169,0.0,0.0,8,2316.37,17,0.38,0.12,0.25,0.12
357,0,21,M,Divorced,High,2.0,140.0,0.5,0.5,0.5,45,112,0.02,0.0,4,780.1800000000001,24,0.0,0.25,0.25,0.0
358,1,69,F,Divorced,Medium,1.0,72.0,0.0,0.0,0.0,24,348,0.0,0.0,9,2282.8900000000003,11,0.11,0.22,0.22,0.11
359,0,26,M,Single,Low,1.0,232.0,1.0,0.0,0.0,36,242,0.0,0.03,8,2154.17,66,0.12,0.38,0.12,0.25
360,0,45,F,Widowed,Medium,2.0,66.0,1.0,0.5,0.0,14,280,0.07,0.0,8,1731.26,32,0.38,0.12,0.12,0.38
361,0,47,M,Single,High,,,,,,49,256,0.0,0.0,9,2348.41,6,0.33,0.33,0.0,0.33
362,1,64,M,Married,High,2.0,211.0,0.5,0.5,0.0,5,139,0.0,0.0,2,469.14,57,0.0,0.0,0.5,0.5
363,0,41,F,Single,Low,1.0,332.0,1.0,0.0,0.0,27,364,0.04,0.0,9,1514.16,64,0.22,0.22,0.22,0.0
364,0,50,M,Widowed,High,2.0,219.0,1.0,0.0,1.0,14,125,0.0,0.0,1,286.8,246,1.0,0.0,0.0,0.0
365,1,37,F,Divorced,Low,1.0,193.0,1.0,1.0,0.0,24,63,0.04,0.0,8,1188.8400000000001,20,0.0,0.38,0.12,0.25
366,0,26,F,Divorced,Medium,,,,,,46,349,0.0,0.02,8,2518.16,1,0.0,0.25,0.12,0.12
367,0,25,F,Single,Low,1.0,241.0,0.0,0.0,0.0,28,106,0.0,0.0,7,2197.79,2,0.29,0.29,0.14,0.14
368,0,41,F,Married,High,,,,,,8,348,0.12,0.0,6,1939.2,17,0.0,0.17,0.17,0.0
369,0,31,F,Single,Medium,1.0,4.0,0.0,0.0,1.0,35,327,0.0,0.03,9,3352.34,23,0.0,0.22,0.44,0.11
370,0,35,F,Married,High,2.0,96.0,0.5,0.5,0.5,47,192,0.02,0.0,6,1239.81,9,0.17,0.0,0.17,0.33
371,0,18,M,Single,Medium,2.0,9.0,1.0,1.0,0.0,35,199,0.0,0.03,5,1454.45,3,0.2,0.2,0.2,0.4
372,0,29,F,Married,Medium,2.0,44.0,0.5,0.5,0.0,23,66,0.0,0.04,1,35.85,189,0.0,0.0,0.0,1.0
373,0,46,M,Married,Medium,1.0,315.0,0.0,0.0,0.0,13,235,0.08,0.0,2,267.09,236,0.0,0.0,0.5,0.0
374,0,54,M,Divorced,Medium,,,,,,47,6,0.02,0.0,9,2143.59,20,0.22,0.0,0.11,0.22
375,0,43,F,Married,High,1.0,243.0,0.0,1.0,0.0,17,122,0.0,0.06,1,133.2,263,0.0,0.0,0.0,1.0
376,0,50,F,Divorced,Low,1.0,208.0,1.0,0.0,0.0,31,306,0.0,0.03,4,1143.8,38,0.25,0.25,0.0,0.25
377,0,60,F,Single,Medium,2.0,217.0,0.5,0.5,0.5,10,234,0.1,0.0,8,2366.3,6,0.0,0.25,0.12,0.38
378,0,32,M,Single,High,2.0,114.0,0.5,0.5,0.0,36,131,0.0,0.03,4,1333.6,31,0.0,0.25,0.0,0.25
379,0,40,F,Single,High,1.0,84.0,1.0,0.0,0.0,29,160,0.03,0.0,8,1582.08,109,0.12,0.0,0.25,0.38
380,0,46,F,Single,High,,,,,,16,204,0.0,0.0,6,1172.66,86,0.17,0.0,0.5,0.17
381,1,38,M,Single,Low,1.0,311.0,1.0,0.0,1.0,33,166,0.0,0.03,4,1087.62,47,0.0,0.5,0.25,0.0
382,0,36,F,Divorced,High,1.0,43.0,1.0,0.0,1.0,14,305,0.0,0.0,9,2467.11,16,0.0,0.22,0.44,0.11
383,0,22,M,Single,High,2.0,247.0,0.5,0.5,0.0,7,132,0.14,0.0,4,800.5600000000001,85,0.5,0.0,0.0,0.5
384,0,40,F,Married,Low,2.0,43.0,0.5,0.0,0.5,33,5,0.0,0.03,2,339.16999999999996,311,0.5,0.0,0.5,0.0
385,1,53,M,Widowed,High,,,,,,3,129,0.0,0.0,4,1338.28,225,0.0,0.5,0.25,0.25
386,0,37,F,Divorced,High,1.0,275.0,1.0,0.0,1.0,26,69,0.0,0.04,4,773.11,162,0.25,0.25,0.25,0.25
387,0,25,M,Married,Low,2.0,28.0,0.0,0.0,0.5,39,62,0.0,0.03,1,47.52,5,1.0,0.0,0.0,0.0
388,1,26,F,Widowed,Low,,,,,,5,132,0.2,0.0,8,1787.4199999999998,34,0.12,0.25,0.25,0.12
389,1,31,F,Widowed,Low,,,,,,23,271,0.04,0.0,3,522.89,123,0.0,0.33,0.67,0.0
390,0,23,M,Divorced,Medium,,,,,,33,316,0.0,0.0,1,281.95,43,0.0,0.0,1.0,0.0
391,0,18,F,Married,Low,,,,,,30,163,0.0,0.0,7,1990.15,55,0.43,0.0,0.14,0.0
392,0,26,F,Widowed,Medium,1.0,189.0,1.0,0.0,1.0,33,119,0.0,0.0,7,1533.34,14,0.0,0.29,0.0,0.57
393,0,33,M,Widowed,Medium,1.0,340.0,1.0,0.0,1.0,43,27,0.0,0.02,8,1960.83,86,0.12,0.0,0.12,0.38
394,0,33,M,Divorced,Low,2.0,154.0,0.5,0.5,0.0,25,173,0.04,0.0,8,2346.48,6,0.38,0.12,0.38,0.0
395,1,29,F,Single,Medium,2.0,123.0,0.5,0.5,0.0,22,162,0.05,0.0,2,680.27,14,0.5,0.5,0.0,0.0
396,1,22,M,Widowed,High,2.0,220.0,0.0,0.0,0.0,1,238,1.0,0.0,3,865.73,25,0.0,0.0,0.67,0.33
397,0,57,F,Divorced,High,,,,,,10,235,0.1,0.0,9,2322.98,14,0.11,0.0,0.33,0.44
398,0,46,F,Divorced,Low,1.0,99.0,1.0,1.0,0.0,23,83,0.04,0.0,6,1678.1200000000001,35,0.17,0.0,0.17,0.5
399,0,63,M,Married,Medium,1.0,148.0,1.0,0.0,1.0,33,212,0.0,0.03,2,568.35,4,0.0,0.0,0.5,0.0
400,0,44,M,Divorced,High,,,,,,39,287,0.03,0.0,8,2309.85,37,0.25,0.0,0.12,0.25
401,0,28,F,Divorced,Medium,2.0,58.0,0.5,0.5,0.0,28,131,0.0,0.04,4,1273.3600000000001,56,0.0,0.25,0.5,0.0
402,1,64,M,Single,Medium,2.0,260.0,0.5,0.5,0.5,43,142,0.0,0.0,2,609.5799999999999,186,0.0,0.5,0.0,0.0
403,0,67,F,Widowed,High,2.0,107.0,1.0,0.5,0.0,8,123,0.12,0.0,7,1645.76,14,0.14,0.14,0.43,0.14
404,1,45,M,Married,Low,1.0,337.0,1.0,0.0,0.0,27,64,0.0,0.0,9,2787.1,14,0.0,0.11,0.11,0.44
405,0,69,F,Divorced,Medium,,,,,,5,309,0.2,0.0,3,508.49,73,0.0,0.0,0.67,0.33
406,0,53,F,Married,High,2.0,96.0,0.5,0.0,0.0,15,2,0.0,0.07,8,2017.78,113,0.12,0.12,0.25,0.5
407,1,59,F,Widowed,Low,1.0,284.0,0.0,0.0,0.0,48,128,0.0,0.0,9,2722.74,23,0.0,0.44,0.22,0.22
408,0,36,F,Divorced,Medium,2.0,96.0,0.5,0.5,0.0,22,78,0.05,0.0,7,2101.4,33,0.29,0.29,0.14,0.29
409,0,52,F,Divorced,Medium,1.0,63.0,0.0,1.0,0.0,35,345,0.0,0.0,9,1524.8400000000001,49,0.11,0.33,0.33,0.22
410,0,69,F,Married,Medium,1.0,95.0,0.0,0.0,1.0,30,144,0.03,0.0,6,1426.2,77,0.17,0.17,0.17,0.33
411,1,48,F,Single,Medium,,,,,,48,102,0.0,0.02,1,87.02,257,1.0,0.0,0.0,0.0
412,0,61,M,Widowed,Low,,,,,,44,0,0.0,0.02,1,184.86,317,1.0,0.0,0.0,0.0
413,0,36,M,Widowed,Medium,2.0,112.0,0.0,0.5,0.5,33,290,0.0,0.03,5,1592.6100000000001,215,0.2,0.0,0.2,0.2
414,0,63,M,Widowed,High,1.0,176.0,1.0,1.0,0.0,30,118,0.03,0.0,7,1497.89,17,0.14,0.43,0.29,0.0
415,0,41,F,Divorced,High,1.0,324.0,1.0,0.0,1.0,36,196,0.03,0.0,1,354.64,173,1.0,0.0,0.0,0.0
416,0,19,M,Divorced,High,2.0,247.0,0.0,0.5,0.0,16,252,0.06,0.0,5,1442.26,55,0.2,0.0,0.2,0.2
417,0,24,M,Divorced,Low,,,,,,38,52,0.0,0.03,3,873.63,65,0.0,0.67,0.0,0.33
418,0,60,M,Married,High,2.0,84.0,0.5,0.0,0.5,23,102,0.04,0.0,3,1282.72,76,0.0,0.67,0.0,0.0
419,1,66,M,Widowed,Medium,,,,,,37,327,0.03,0.0,5,1254.4299999999998,50,0.4,0.0,0.4,0.2
420,0,48,F,Widowed,Medium,2.0,145.0,1.0,0.5,0.0,37,359,0.0,0.03,8,2140.54,73,0.12,0.12,0.38,0.12
421,0,34,F,Widowed,High,1.0,235.0,0.0,0.0,0.0,28,15,0.0,0.0,2,594.4200000000001,25,0.0,0.0,0.5,0.0
422,1,44,M,Single,Low,1.0,327.0,1.0,1.0,0.0,14,88,0.0,0.0,7,1770.89,9,0.29,0.14,0.14,0.14
423,0,53,F,Divorced,Low,,,,,,4,271,0.0,0.0,5,1329.4499999999998,32,0.8,0.2,0.0,0.0
424,0,67,F,Widowed,Medium,1.0,197.0,0.0,0.0,1.0,39,98,0.0,0.03,7,965.41,86,0.0,0.43,0.43,0.14
425,0,60,F,Widowed,Medium,2.0,35.0,0.5,0.0,0.5,33,58,0.0,0.03,9,1768.53,89,0.0,0.67,0.0,0.11
426,0,27,F,Divorced,High,,,,,,31,112,0.0,0.03,7,1465.9299999999998,40,0.29,0.0,0.43,0.14
427,0,62,F,Divorced,Low,2.0,16.0,1.0,0.5,0.5,13,139,0.08,0.0,3,521.56,28,0.0,0.0,0.33,0.33
428,0,31,M,Widowed,High,2.0,115.0,0.5,0.5,0.0,36,143,0.0,0.0,8,2414.15,203,0.12,0.12,0.12,0.25
429,0,24,F,Married,Medium,2.0,68.0,0.5,0.0,0.0,10,354,0.0,0.0,5,1361.3899999999999,11,0.0,0.0,0.6,0.2
430,0,56,M,Married,Medium,2.0,16.0,0.5,0.5,0.5,47,182,0.02,0.0,1,148.98,39,0.0,0.0,1.0,0.0
431,0,57,F,Married,High,1.0,250.0,1.0,1.0,0.0,31,219,0.0,0.03,2,233.87,22,0.5,0.0,0.5,0.0
432,0,26,M,Married,Low,,,,,,26,15,0.0,0.0,7,1834.48,31,0.29,0.0,0.14,0.29
433,1,31,M,Single,Medium,,,,,,14,28,0.0,0.0,5,1302.43,84,0.0,0.6,0.2,0.2
434,0,25,F,Married,Medium,2.0,91.0,0.5,1.0,0.0,4,52,0.0,0.0,1,41.19,215,0.0,1.0,0.0,0.0
435,0,34,M,Widowed,Low,1.0,165.0,1.0,0.0,0.0,33,288,0.03,0.0,1,488.45,334,0.0,0.0,0.0,0.0
436,0,40,F,Widowed,Medium,2.0,27.0,0.5,1.0,0.0,47,104,0.0,0.02,3,543.99,119,0.33,0.0,0.33,0.0
437,0,33,M,Widowed,Low,,,,,,13,102,0.0,0.08,8,1698.21,39,0.25,0.25,0.0,0.25
438,0,43,M,Married,Low,1.0,265.0,1.0,0.0,0.0,48,255,0.0,0.02,7,2131.01,25,0.43,0.29,0.14,0.14
439,0,26,F,Divorced,Medium,2.0,185.0,0.0,0.0,0.5,41,314,0.02,0.0,7,1373.54,39,0.0,0.43,0.0,0.29
440,0,53,M,Widowed,High,2.0,64.0,0.5,0.5,0.5,34,315,0.03,0.0,8,1920.61,24,0.12,0.12,0.38,0.0
441,1,24,F,Married,Medium,1.0,41.0,0.0,0.0,0.0,43,64,0.0,0.0,8,2560.36,0,0.25,0.25,0.0,0.38
442,0,35,M,Single,Medium,1.0,69.0,1.0,0.0,1.0,35,194,0.0,0.0,1,412.55,93,0.0,1.0,0.0,0.0
443,0,25,F,Single,Medium,,,,,,28,206,0.0,0.04,5,1115.64,122,0.2,0.4,0.0,0.2
444,0,38,M,Widowed,Medium,,,,,,31,25,0.0,0.0,2,387.51,21,0.0,0.0,0.0,0.0
445,0,43,M,Divorced,High,2.0,6.0,0.5,0.5,0.5,30,218,0.03,0.0,5,1002.46,65,0.2,0.2,0.2,0.0
446,0,20,F,Single,High,2.0,37.0,0.5,0.5,0.5,32,79,0.0,0.0,6,1516.93,110,0.33,0.17,0.0,0.33
447,0,34,F,Married,High,,,,,,13,30,0.0,0.08,1,169.69,1,1.0,0.0,0.0,0.0
448,0,68,M,Married,Low,,,,,,41,114,0.0,0.0,7,1461.03,24,0.0,0.29,0.14,0.43
449,0,63,F,Single,High,2.0,223.0,0.0,0.0,0.5,34,234,0.0,0.0,5,1460.65,89,0.2,0.0,0.4,0.4
450,1,41,M,Widowed,Low,,,,,,8,114,0.0,0.12,5,1527.63,14,0.2,0.2,0.2,0.2
451,0,42,M,Widowed,Medium,2.0,80.0,0.5,0.0,0.5,42,171,0.0,0.0,2,364.46,136,0.0,0.0,0.5,0.5
452,0,22,M,Single,High,1.0,195.0,0.0,0.0,0.0,25,74,0.04,0.0,8,2341.48,23,0.0,0.12,0.0,0.5
453,0,54,F,Married,High,,,,,,33,255,0.03,0.0,1,346.54,154,0.0,1.0,0.0,0.0
454,0,62,F,Divorced,High,,,,,,10,171,0.1,0.0,2,472.88,5,0.5,0.0,0.0,0.0
455,0,67,F,Married,High,2.0,153.0,1.0,0.5,0.0,40,8,0.0,0.02,3,565.79,13,0.33,0.0,0.33,0.33
456,0,41,M,Divorced,High,1.0,285.0,0.0,0.0,0.0,34,39,0.0,0.0,9,2402.0,38,0.22,0.33,0.0,0.11
457,0,48,M,Divorced,Medium,2.0,145.0,0.0,0.5,0.0,44,200,0.0,0.02,8,1730.33,74,0.12,0.12,0.25,0.0
458,0,43,M,Single,High,,,,,,33,355,0.0,0.03,9,2767.15,93,0.22,0.11,0.33,0.22
459,0,38,F,Widowed,Low,1.0,250.0,0.0,1.0,0.0,5,293,0.0,0.0,1,62.87,98,0.0,0.0,0.0,1.0
460,0,51,M,Divorced,Low,2.0,154.0,0.0,1.0,0.0,45,310,0.02,0.0,1,336.72,241,0.0,0.0,0.0,0.0
461,0,55,F,Married,High,2.0,160.0,0.0,0.5,0.5,27,169,0.04,0.0,1,449.87,346,0.0,1.0,0.0,0.0
462,1,41,F,Widowed,Low,,,,,,8,266,0.12,0.0,3,391.36,228,0.33,0.0,0.33,0.33
463,0,45,F,Widowed,High,,,,,,7,258,0.14,0.0,7,1668.22,23,0.14,0.29,0.57,0.0
464,0,47,F,Married,Medium,,,,,,22,20,0.0,0.05,9,2166.33,31,0.44,0.11,0.11,0.11
465,0,51,F,Single,Low,,,,,,46,47,0.0,0.02,4,1217.08,1,0.25,0.0,0.0,0.25
466,1,69,M,Widowed,High,,,,,,28,189,0.04,0.0,8,1918.1599999999999,65,0.25,0.25,0.25,0.25
467,0,69,M,Divorced,Low,1.0,256.0,1.0,1.0,0.0,9,14,0.0,0.11,4,1104.21,34,0.5,0.0,0.0,0.25
468,0,40,M,Married,High,,,,,,31,8,0.03,0.0,4,818.31,219,0.25,0.5,0.25,0.0
469,1,25,M,Divorced,Low,2.0,182.0,0.0,0.0,1.0,4,68,0.0,0.0,6,1626.7,15,0.17,0.33,0.33,0.0
470,1,59,F,Married,Medium,1.0,286.0,0.0,1.0,0.0,5,205,0.0,0.2,6,1916.68,37,0.33,0.17,0.17,0.17
471,0,67,F,Married,Low,2.0,187.0,0.5,0.0,0.5,13,355,0.0,0.0,5,1109.17,119,0.4,0.2,0.0,0.2
472,0,27,F,Widowed,Low,,,,,,6,1,0.0,0.0,9,2217.2799999999997,1,0.11,0.11,0.22,0.22
473,0,18,M,Married,Low,,,,,,23,348,0.04,0.0,3,251.45999999999998,8,0.0,0.0,0.33,0.33
474,0,37,M,Widowed,Low,2.0,144.0,0.5,0.0,0.5,47,291,0.02,0.0,9,2460.07,4,0.22,0.22,0.0,0.33
475,0,54,F,Married,High,1.0,184.0,1.0,0.0,0.0,35,237,0.0,0.0,6,1635.1299999999999,59,0.0,0.33,0.17,0.0
476,0,35,M,Widowed,Medium,1.0,74.0,1.0,0.0,1.0,34,335,0.0,0.0,8,2145.93,53,0.25,0.0,0.5,0.25
477,0,38,M,Widowed,Medium,,,,,,38,41,0.03,0.0,6,806.96,27,0.17,0.33,0.33,0.17
478,1,66,M,Single,Low,,,,,,34,168,0.0,0.0,5,1615.8400000000001,45,0.6,0.2,0.2,0.0
479,0,21,F,Widowed,Low,2.0,106.0,0.5,1.0,0.0,11,119,0.0,0.09,5,1184.28,56,0.0,0.4,0.2,0.2
480,1,60,M,Widowed,Medium,1.0,354.0,0.0,1.0,0.0,6,205,0.0,0.17,8,1351.01,41,0.38,0.12,0.0,0.12
481,0,19,F,Widowed,Medium,1.0,253.0,1.0,0.0,1.0,32,165,0.0,0.03,9,3386.04,153,0.0,0.22,0.11,0.0
482,1,38,M,Single,Medium,2.0,291.0,1.0,1.0,0.0,35,340,0.0,0.03,9,2624.42,86,0.33,0.44,0.0,0.22
483,0,54,F,Divorced,Medium,1.0,53.0,0.0,1.0,0.0,34,283,0.0,0.0,6,1262.48,59,0.33,0.33,0.17,0.17
484,0,22,M,Divorced,Low,,,,,,43,262,0.0,0.0,7,988.39,45,0.29,0.14,0.0,0.57
485,0,34,M,Single,Medium,1.0,46.0,1.0,0.0,1.0,28,107,0.0,0.0,7,2129.71,11,0.14,0.14,0.14,0.29
486,0,66,F,Widowed,Low,2.0,149.0,0.5,0.5,0.0,5,135,0.2,0.0,4,758.73,60,0.0,0.25,0.5,0.25
487,0,65,F,Widowed,Low,2.0,52.0,0.5,0.0,1.0,34,81,0.0,0.0,7,1624.23,7,0.14,0.29,0.29,0.0
488,1,28,F,Married,Medium,,,,,,33,200,0.0,0.0,1,393.84,93,0.0,0.0,0.0,0.0
489,0,63,M,Divorced,High,,,,,,12,38,0.08,0.0,6,1101.11,41,0.5,0.0,0.17,0.33
490,0,58,F,Widowed,Low,2.0,114.0,0.5,1.0,0.0,40,306,0.02,0.0,7,2063.08,41,0.14,0.14,0.29,0.29
491,1,48,M,Widowed,Medium,1.0,2.0,1.0,0.0,1.0,44,31,0.0,0.02,6,1483.12,54,0.0,0.17,0.5,0.17
492,0,45,F,Divorced,Low,,,,,,38,359,0.03,0.0,5,1491.8,12,0.4,0.0,0.0,0.4
493,0,61,M,Widowed,High,,,,,,44,124,0.02,0.0,4,976.0,29,0.0,0.5,0.25,0.0
494,0,49,M,Single,Medium,1.0,53.0,1.0,0.0,0.0,12,84,0.0,0.0,1,269.73,214,0.0,1.0,0.0,0.0
495,0,38,M,Widowed,Low,1.0,253.0,0.0,0.0,1.0,37,358,0.03,0.0,6,1738.1399999999999,23,0.17,0.17,0.33,0.17
496,0,24,F,Widowed,High,1.0,337.0,1.0,1.0,0.0,1,2,0.0,1.0,2,216.79,223,0.0,0.0,0.0,0.5
497,0,27,M,Divorced,High,2.0,216.0,0.0,0.0,0.0,40,123,0.0,0.0,6,1554.77,17,0.17,0.33,0.33,0.17
498,1,45,F,Single,Low,,,,,,5,186,0.0,0.2,2,763.91,161,0.0,0.0,0.5,0.0
499,0,65,M,Married,Medium,1.0,357.0,1.0,0.0,0.0,2,31,0.0,0.0,2,458.77,35,0.5,0.0,0.0,0.0
500,0,53,M,Divorced,Medium,,,,,,46,39,0.02,0.0,9,2429.2200000000003,64,0.33,0.11,0.33,0.11
501,0,37,M,Married,Low,,,,,,25,260,0.04,0.0,8,1317.1799999999998,2,0.12,0.5,0.12,0.12
502,0,30,M,Married,High,2.0,271.0,0.0,0.5,0.0,38,102,0.0,0.0,4,703.3299999999999,42,0.25,0.0,0.5,0.25
503,0,36,F,Single,High,,,,,,25,24,0.0,0.04,6,1336.58,29,0.0,0.17,0.5,0.17
504,0,67,M,Married,High,1.0,207.0,0.0,1.0,0.0,48,57,0.0,0.0,3,551.93,218,0.0,0.0,0.33,0.33
505,0,28,M,Single,High,2.0,230.0,0.5,0.0,0.0,22,191,0.0,0.0,7,2312.7,12,0.29,0.0,0.29,0.0
506,1,52,F,Widowed,Low,2.0,226.0,0.0,0.0,0.5,1,143,1.0,0.0,4,1009.74,287,0.25,0.25,0.0,0.5
507,1,51,M,Single,High,2.0,34.0,0.5,0.0,0.5,25,77,0.04,0.0,9,2325.03,81,0.22,0.22,0.44,0.0
508,0,61,F,Divorced,Low,,,,,,33,71,0.03,0.0,5,1536.61,93,0.0,0.0,0.2,0.2
509,1,21,F,Married,Medium,1.0,132.0,0.0,0.0,1.0,22,145,0.0,0.05,9,2446.54,4,0.22,0.22,0.11,0.22
510,1,30,M,Single,Medium,1.0,67.0,0.0,0.0,0.0,31,180,0.0,0.0,1,392.1,274,0.0,0.0,0.0,1.0
511,1,54,M,Divorced,High,1.0,358.0,1.0,0.0,0.0,19,322,0.05,0.0,9,2027.8799999999999,7,0.22,0.11,0.33,0.11
512,0,19,F,Single,High,,,,,,48,151,0.0,0.0,5,1362.35,28,0.0,0.0,0.4,0.4
513,0,67,F,Married,High,,,,,,18,196,0.06,0.0,1,172.81,195,1.0,0.0,0.0,0.0
514,0,18,F,Married,Medium,,,,,,1,161,0.0,0.0,6,1606.29,64,0.17,0.33,0.33,0.0
515,0,57,F,Divorced,Low,,,,,,19,359,0.05,0.0,6,1639.58,28,0.33,0.17,0.33,0.17
516,1,42,F,Divorced,Low,,,,,,14,3,0.0,0.0,3,612.22,98,0.33,0.0,0.67,0.0
517,0,54,F,Divorced,Low,,,,,,11,354,0.09,0.0,5,1073.98,10,0.0,0.4,0.0,0.2
518,1,53,F,Divorced,High,2.0,244.0,0.5,0.5,0.5,8,97,0.0,0.0,9,3078.6,48,0.11,0.11,0.11,0.33
519,0,23,F,Divorced,Low,2.0,173.0,0.5,0.0,0.0,18,205,0.0,0.0,9,1894.4,39,0.11,0.22,0.22,0.22
520,0,24,M,Married,High,2.0,124.0,1.0,0.0,0.5,9,168,0.0,0.0,5,1959.29,15,0.2,0.0,0.6,0.0
521,1,21,F,Widowed,Medium,2.0,226.0,0.5,0.5,0.0,43,325,0.0,0.02,2,645.75,263,0.0,0.5,0.5,0.0
522,0,52,M,Divorced,Low,2.0,110.0,0.5,1.0,0.0,28,107,0.0,0.04,9,2557.54,52,0.33,0.33,0.11,0.11
523,0,58,M,Widowed,High,,,,,,11,131,0.0,0.0,9,2090.02,7,0.11,0.33,0.11,0.22
524,0,51,F,Divorced,Low,1.0,143.0,0.0,1.0,0.0,49,62,0.02,0.0,9,2565.36,38,0.44,0.0,0.33,0.11
525,0,46,F,Divorced,Medium,1.0,36.0,0.0,0.0,1.0,41,24,0.0,0.02,4,462.44,106,0.25,0.0,0.25,0.5
526,0,22,M,Divorced,Low,1.0,284.0,1.0,1.0,0.0,30,320,0.03,0.0,4,446.32,97,0.25,0.0,0.0,0.25
527,0,44,M,Married,Low,,,,,,44,3,0.02,0.0,3,343.51,9,0.0,0.33,0.67,0.0
528,0,50,F,Widowed,Medium,1.0,18.0,1.0,1.0,0.0,27,229,0.04,0.0,6,1353.55,12,0.17,0.33,0.17,0.0
529,0,63,F,Married,High,1.0,351.0,0.0,1.0,0.0,26,227,0.04,0.0,8,2333.7200000000003,40,0.0,0.12,0.12,0.5
530,1,69,F,Single,High,,,,,,49,25,0.0,0.0,6,1311.6399999999999,35,0.0,0.17,0.33,0.33
531,1,27,F,Divorced,High,1.0,110.0,0.0,0.0,0.0,12,52,0.08,0.0,9,2008.12,46,0.44,0.0,0.22,0.22
532,0,23,M,Divorced,Low,2.0,151.0,0.5,0.5,0.0,38,70,0.0,0.03,8,2372.58,40,0.25,0.62,0.0,0.0
533,0,51,M,Widowed,Low,1.0,348.0,0.0,1.0,0.0,27,63,0.0,0.0,1,388.31,111,0.0,0.0,0.0,0.0
534,0,25,M,Married,High,2.0,48.0,0.0,0.0,0.5,37,137,0.0,0.0,3,536.31,28,0.33,0.33,0.0,0.0
535,0,48,M,Married,High,,,,,,17,188,0.0,0.0,8,2145.98,34,0.12,0.0,0.5,0.0
536,0,26,M,Married,Low,1.0,163.0,0.0,1.0,0.0,46,51,0.0,0.0,4,1639.36,133,0.25,0.25,0.5,0.0
537,1,38,M,Divorced,High,,,,,,9,218,0.11,0.0,6,2067.57,2,0.17,0.33,0.17,0.0
538,0,25,M,Widowed,High,2.0,11.0,0.5,0.5,0.5,6,201,0.17,0.0,2,651.88,164,0.0,0.0,0.5,0.5
539,0,21,F,Single,Low,2.0,104.0,0.5,0.5,0.5,13,100,0.0,0.0,6,1286.35,115,0.33,0.0,0.17,0.17
540,0,39,F,Single,Medium,1.0,173.0,0.0,1.0,0.0,6,348,0.17,0.0,2,649.47,245,0.5,0.0,0.0,0.0
541,0,45,F,Married,Low,2.0,119.0,0.5,0.0,0.0,38,100,0.0,0.0,2,185.03,176,0.5,0.0,0.0,0.0
542,0,62,F,Widowed,High,,,,,,4,177,0.0,0.0,3,344.77,85,0.33,0.33,0.0,0.0
543,1,21,M,Married,High,1.0,327.0,0.0,0.0,0.0,16,128,0.06,0.0,5,939.83,22,0.2,0.0,0.2,0.4
544,0,56,M,Married,Medium,1.0,209.0,0.0,0.0,0.0,36,313,0.0,0.03,4,1099.45,3,0.0,0.5,0.0,0.25
545,1,38,F,Married,Medium,2.0,114.0,1.0,0.0,0.5,43,84,0.0,0.02,2,452.87,90,0.5,0.0,0.0,0.5
546,0,25,M,Single,Low,2.0,117.0,1.0,0.0,0.0,14,324,0.07,0.0,2,575.05,340,0.0,0.5,0.0,0.5
547,0,37,M,Single,Medium,,,,,,29,343,0.0,0.03,3,716.14,21,0.33,0.0,0.0,0.0
548,0,49,M,Married,High,,,,,,24,32,0.0,0.04,9,2116.14,10,0.22,0.11,0.22,0.11
549,0,18,M,Widowed,High,,,,,,39,120,0.0,0.0,2,358.67,66,0.0,0.0,0.0,0.0
550,0,23,F,Single,High,2.0,8.0,0.5,0.0,0.5,39,1,0.03,0.0,8,2140.26,9,0.0,0.25,0.12,0.38
551,0,45,F,Married,High,2.0,183.0,0.0,0.5,0.0,45,362,0.0,0.0,9,3027.91,30,0.22,0.11,0.22,0.11
552,0,61,F,Single,Medium,,,,,,25,329,0.0,0.04,3,1049.96,120,0.0,0.0,0.33,0.0
553,0,48,F,Divorced,High,,,,,,46,37,0.0,0.02,7,2125.61,33,0.29,0.29,0.14,0.14
554,0,27,M,Divorced,High,1.0,275.0,1.0,1.0,0.0,46,97,0.0,0.0,6,1822.54,6,0.17,0.17,0.17,0.17
555,0,37,F,Single,High,,,,,,3,52,0.0,0.33,2,393.99,78,0.5,0.5,0.0,0.0
556,0,25,M,Married,Low,1.0,59.0,1.0,1.0,0.0,42,325,0.02,0.0,7,2132.54,2,0.29,0.14,0.0,0.43
557,0,39,F,Single,Low,2.0,7.0,0.5,1.0,0.0,27,29,0.04,0.0,3,1179.98,17,0.0,0.0,0.33,0.33
558,0,55,M,Widowed,High,,,,,,12,68,0.08,0.0,6,1722.97,39,0.33,0.17,0.17,0.17
559,0,46,F,Married,Medium,1.0,345.0,0.0,0.0,0.0,43,138,0.0,0.02,7,2151.66,75,0.14,0.14,0.29,0.0
560,1,26,M,Married,Medium,,,,,,2,11,0.0,0.0,2,203.34,21,0.0,0.0,0.5,0.5
561,0,61,M,Married,Low,1.0,253.0,1.0,1.0,0.0,38,70,0.03,0.0,6,1369.4,6,0.67,0.0,0.17,0.0
562,1,64,M,Married,Low,,,,,,26,232,0.04,0.0,9,2160.95,41,0.11,0.11,0.22,0.33
563,0,18,M,Widowed,Medium,,,,,,29,202,0.0,0.0,5,1090.13,11,0.2,0.0,0.0,0.0
564,0,58,M,Single,Low,,,,,,45,208,0.02,0.0,7,1859.23,25,0.0,0.57,0.14,0.29
565,1,69,M,Single,Low,2.0,62.0,0.5,0.0,1.0,30,253,0.0,0.03,6,2436.25,27,0.0,0.0,0.5,0.33
566,0,56,M,Divorced,High,,,,,,38,199,0.03,0.0,7,1867.21,29,0.0,0.14,0.43,0.29
567,0,43,M,Married,Medium,,,,,,41,34,0.02,0.0,1,472.36,355,0.0,0.0,0.0,1.0
568,0,28,M,Divorced,High,1.0,172.0,1.0,1.0,0.0,32,137,0.03,0.0,3,1051.21,78,0.0,0.33,0.0,0.67
569,0,69,F,Widowed,Low,1.0,70.0,1.0,0.0,0.0,38,39,0.03,0.0,6,1550.8500000000001,24,0.17,0.33,0.33,0.0
570,0,52,F,Single,Low,2.0,61.0,0.5,0.5,0.0,21,149,0.0,0.0,7,2358.04,106,0.29,0.0,0.14,0.43
571,0,41,F,Single,Low,1.0,291.0,0.0,1.0,0.0,8,250,0.0,0.12,3,962.48,65,0.0,0.0,0.33,0.0
572,0,50,F,Married,Low,,,,,,6,339,0.0,0.17,2,538.06,2,0.5,0.5,0.0,0.0
573,0,37,F,Single,Medium,,,,,,4,342,0.0,0.25,5,1331.4,57,0.4,0.0,0.0,0.6
574,1,44,M,Widowed,Medium,1.0,91.0,1.0,1.0,0.0,17,274,0.0,0.0,9,2437.4,0,0.11,0.11,0.33,0.44
575,0,32,F,Widowed,Medium,2.0,107.0,0.5,0.0,0.5,21,174,0.0,0.0,9,1550.26,59,0.22,0.33,0.22,0.0
576,1,50,F,Married,Medium,2.0,122.0,0.0,1.0,0.0,4,10,0.0,0.25,4,755.9300000000001,122,0.0,0.0,0.25,0.25
577,1,69,M,Divorced,High,1.0,162.0,0.0,1.0,0.0,35,250,0.0,0.03,8,2373.23,86,0.0,0.25,0.25,0.38
578,0,24,F,Married,High,1.0,100.0,1.0,0.0,0.0,30,252,0.0,0.0,3,715.6,75,0.0,0.33,0.33,0.0
579,1,51,F,Widowed,High,,,,,,27,222,0.04,0.0,2,402.41,163,0.0,0.0,1.0,0.0
580,0,62,M,Single,Low,2.0,28.0,0.5,0.5,0.0,12,30,0.0,0.08,2,232.75,20,0.0,0.0,0.0,1.0
581,0,68,F,Single,Medium,1.0,159.0,0.0,0.0,0.0,48,281,0.0,0.0,2,407.65999999999997,180,0.5,0.0,0.5,0.0
582,0,63,F,Single,Medium,,,,,,20,74,0.05,0.0,7,1876.3600000000001,78,0.29,0.0,0.0,0.14
583,0,59,M,Widowed,Medium,,,,,,40,319,0.02,0.0,4,783.96,114,0.5,0.25,0.25,0.0
584,0,22,M,Divorced,High,2.0,195.0,0.5,0.5,0.0,44,54,0.02,0.0,7,1677.08,135,0.14,0.43,0.14,0.29
585,0,47,M,Married,Low,2.0,170.0,1.0,0.5,0.5,41,267,0.02,0.0,6,1709.36,69,0.17,0.0,0.33,0.17
586,1,45,M,Divorced,Low,1.0,293.0,0.0,1.0,0.0,33,47,0.03,0.0,5,1667.53,224,0.0,0.8,0.0,0.2
587,0,35,F,Single,Low,1.0,12.0,1.0,0.0,1.0,10,274,0.0,0.1,3,623.49,43,0.0,0.33,0.33,0.33
588,1,53,F,Married,High,2.0,202.0,0.5,0.0,0.5,5,40,0.0,0.0,8,1726.51,17,0.25,0.5,0.0,0.0
589,1,20,F,Widowed,Medium,2.0,41.0,0.5,0.0,0.5,11,255,0.0,0.0,9,2356.94,2,0.67,0.0,0.0,0.11
590,0,38,M,Widowed,High,,,,,,21,78,0.0,0.0,9,1383.59,30,0.11,0.0,0.33,0.33
591,0,63,F,Divorced,Medium,2.0,125.0,0.5,0.5,0.0,20,252,0.05,0.0,1,215.12,205,0.0,1.0,0.0,0.0
592,0,33,M,Married,Low,,,,,,44,331,0.0,0.0,8,2642.14,34,0.25,0.38,0.25,0.12
593,0,54,F,Single,Medium,1.0,106.0,1.0,1.0,0.0,9,361,0.11,0.0,9,2959.62,5,0.11,0.33,0.22,0.11
594,0,59,M,Divorced,Low,2.0,5.0,0.5,0.5,0.5,30,205,0.0,0.0,9,2544.69,1,0.11,0.44,0.22,0.11
595,0,22,F,Widowed,Low,1.0,65.0,1.0,1.0,0.0,48,252,0.02,0.0,8,2270.36,110,0.0,0.12,0.5,0.38
596,0,67,F,Married,Low,,,,,,4,207,0.0,0.0,5,1346.76,101,0.0,0.6,0.4,0.0
597,0,68,M,Married,Medium,1.0,162.0,0.0,1.0,0.0,9,75,0.0,0.11,7,1726.8999999999999,75,0.43,0.0,0.29,0.29
598,0,31,M,Widowed,High,,,,,,40,175,0.02,0.0,7,1906.1000000000001,5,0.29,0.0,0.29,0.29
599,0,48,M,Single,Low,2.0,52.0,1.0,0.5,0.0,3,15,0.0,0.33,9,2347.42,98,0.22,0.33,0.0,0.33
600,0,63,F,Single,Medium,1.0,239.0,0.0,0.0,1.0,38,39,0.03,0.0,4,865.0,44,0.0,0.25,0.25,0.25
601,0,41,F,Widowed,Low,2.0,259.0,0.5,0.5,0.0,25,111,0.0,0.04,8,2473.79,48,0.25,0.12,0.12,0.12
602,1,52,M,Widowed,Medium,,,,,,37,232,0.0,0.0,9,1158.83,70,0.0,0.11,0.33,0.33
603,0,53,M,Single,High,,,,,,30,198,0.0,0.0,5,1476.4,19,0.2,0.4,0.0,0.4
604,0,27,M,Divorced,Low,2.0,99.0,0.5,0.5,0.0,31,239,0.0,0.03,3,437.92999999999995,68,0.33,0.33,0.0,0.33
605,1,44,M,Divorced,Low,,,,,,17,352,0.0,0.0,4,1187.98,7,0.0,0.25,0.0,0.0
606,0,44,F,Married,Low,,,,,,10,89,0.0,0.1,1,271.99,165,0.0,0.0,0.0,1.0
607,1,40,M,Married,High,1.0,44.0,0.0,0.0,0.0,8,349,0.0,0.0,5,1489.51,12,0.0,0.4,0.0,0.2
608,0,30,M,Divorced,Medium,1.0,116.0,0.0,0.0,0.0,2,351,0.0,0.0,9,2463.96,2,0.33,0.33,0.0,0.22
609,0,33,F,Married,Low,2.0,139.0,0.5,0.0,0.0,32,10,0.0,0.03,1,110.77,159,0.0,0.0,1.0,0.0
610,0,52,F,Divorced,Low,,,,,,11,24,0.0,0.0,5,1504.22,102,0.6,0.2,0.2,0.0
611,0,44,M,Married,High,1.0,186.0,0.0,0.0,0.0,10,81,0.1,0.0,3,624.87,69,0.33,0.33,0.0,0.33
612,0,69,F,Divorced,Medium,2.0,139.0,1.0,0.5,0.0,41,14,0.02,0.0,7,1688.29,17,0.29,0.29,0.14,0.29
613,0,56,M,Married,High,,,,,,32,127,0.03,0.0,3,612.18,35,0.0,0.0,0.67,0.33
614,1,64,F,Married,High,1.0,45.0,1.0,1.0,0.0,24,281,0.0,0.0,3,1239.16,21,0.33,0.0,0.0,0.33
615,0,34,F,Divorced,Low,2.0,140.0,0.5,1.0,0.0,7,142,0.14,0.0,3,481.67999999999995,192,0.0,0.0,0.33,0.67
616,1,65,M,Single,Medium,1.0,133.0,0.0,1.0,0.0,29,139,0.03,0.0,8,1674.35,115,0.12,0.12,0.38,0.25
617,1,58,F,Divorced,Low,,,,,,2,343,0.5,0.0,7,2146.58,23,0.14,0.29,0.29,0.14
618,1,18,M,Divorced,Low,2.0,230.0,1.0,0.5,0.5,16,41,0.0,0.0,7,1025.54,24,0.29,0.14,0.14,0.43
619,1,28,M,Widowed,High,1.0,35.0,0.0,1.0,0.0,31,248,0.03,0.0,1,244.19,265,0.0,0.0,0.0,1.0
620,0,29,F,Single,High,1.0,306.0,0.0,0.0,0.0,12,309,0.08,0.0,3,694.35,14,0.0,0.33,0.0,0.67
621,0,31,F,Married,Low,1.0,155.0,1.0,1.0,0.0,32,138,0.03,0.0,2,204.8,316,0.0,0.0,0.0,1.0
622,0,25,M,Single,High,1.0,186.0,0.0,0.0,1.0,47,91,0.02,0.0,5,754.54,25,0.0,0.2,0.2,0.2
623,0,48,F,Single,High,2.0,41.0,0.0,0.0,1.0,41,263,0.02,0.0,7,1074.25,41,0.0,0.29,0.29,0.14
624,0,24,F,Single,Medium,,,,,,18,42,0.0,0.06,4,934.44,130,0.5,0.25,0.25,0.0
625,1,63,F,Widowed,Low,,,,,,3,150,0.0,0.0,9,2452.39,9,0.0,0.22,0.22,0.22
626,0,48,M,Widowed,Low,,,,,,16,307,0.0,0.06,8,2416.9,28,0.38,0.25,0.0,0.12
627,1,33,F,Married,Medium,1.0,172.0,1.0,1.0,0.0,49,45,0.0,0.02,6,1929.48,117,0.17,0.33,0.17,0.17
628,0,59,F,Divorced,High,1.0,34.0,1.0,0.0,1.0,42,349,0.0,0.02,1,67.65,242,0.0,0.0,0.0,1.0
629,0,56,M,Single,Medium,2.0,111.0,0.5,1.0,0.0,18,358,0.06,0.0,3,657.3699999999999,75,0.0,0.0,0.0,0.33
630,1,61,F,Married,Medium,1.0,295.0,0.0,0.0,1.0,44,136,0.0,0.02,2,942.44,96,0.0,1.0,0.0,0.0
631,0,36,M,Married,Medium,2.0,47.0,0.5,0.0,0.5,15,161,0.0,0.07,1,238.83,233,0.0,0.0,0.0,0.0
632,0,25,M,Widowed,High,1.0,326.0,0.0,0.0,1.0,41,33,0.02,0.0,6,1060.8600000000001,53,0.17,0.17,0.17,0.0
633,0,46,M,Divorced,Medium,2.0,161.0,0.0,1.0,0.0,37,57,0.03,0.0,8,1985.72,2,0.38,0.12,0.12,0.38
634,0,19,M,Divorced,Low,2.0,44.0,0.0,0.0,0.5,23,254,0.0,0.0,4,1053.54,93,0.5,0.25,0.0,0.0
635,0,59,F,Widowed,High,1.0,288.0,0.0,1.0,0.0,26,21,0.04,0.0,5,1574.74,214,0.4,0.0,0.0,0.0
636,0,20,M,Single,Medium,2.0,11.0,0.5,0.0,1.0,7,95,0.14,0.0,5,1041.72,41,0.0,0.2,0.0,0.6
637,0,68,M,Widowed,Medium,1.0,176.0,1.0,1.0,0.0,48,249,0.02,0.0,8,1629.96,73,0.38,0.12,0.38,0.12
638,0,46,M,Married,Medium,,,,,,21,245,0.0,0.05,2,194.63,89,0.0,0.5,0.0,0.0
639,0,32,F,Widowed,Medium,1.0,97.0,0.0,0.0,1.0,29,276,0.0,0.03,8,1874.22,2,0.25,0.38,0.0,0.12
640,0,55,M,Divorced,Medium,2.0,122.0,0.5,0.5,0.0,45,37,0.0,0.02,8,2408.65,12,0.0,0.25,0.25,0.12
641,1,45,M,Single,Medium,2.0,301.0,0.5,0.0,0.5,7,199,0.14,0.0,9,1717.5700000000002,34,0.0,0.22,0.33,0.22
642,0,54,M,Married,Low,1.0,73.0,0.0,0.0,0.0,6,138,0.17,0.0,6,1587.38,174,0.17,0.67,0.0,0.17
643,1,49,M,Married,High,,,,,,27,105,0.04,0.0,7,1060.42,3,0.43,0.0,0.29,0.14
644,1,47,M,Divorced,Low,1.0,201.0,1.0,1.0,0.0,43,111,0.0,0.0,2,266.05,56,0.0,0.0,0.0,1.0
645,0,68,M,Widowed,Medium,2.0,73.0,0.5,1.0,0.0,46,186,0.0,0.02,1,328.56,152,0.0,1.0,0.0,0.0
646,1,64,M,Married,Medium,,,,,,17,311,0.0,0.06,1,163.69,238,0.0,0.0,0.0,0.0
647,0,47,M,Widowed,Medium,2.0,189.0,0.5,0.5,0.0,24,295,0.0,0.0,1,12.46,353,0.0,1.0,0.0,0.0
648,0,68,M,Married,Low,1.0,296.0,1.0,1.0,0.0,28,142,0.0,0.04,3,1028.17,180,0.33,0.67,0.0,0.0
649,0,51,M,Divorced,Medium,1.0,104.0,0.0,0.0,1.0,26,183,0.0,0.04,4,759.5699999999999,50,0.0,0.75,0.0,0.25
650,1,30,M,Married,Low,1.0,106.0,1.0,0.0,0.0,38,123,0.03,0.0,2,499.67,2,0.5,0.5,0.0,0.0
651,0,50,M,Married,High,,,,,,26,228,0.04,0.0,7,1467.02,22,0.29,0.0,0.14,0.29
652,0,59,F,Single,Low,2.0,198.0,0.0,0.5,0.0,40,227,0.0,0.02,5,1245.86,79,0.2,0.0,0.6,0.2
653,0,34,F,Married,Low,1.0,26.0,1.0,1.0,0.0,1,276,0.0,0.0,1,392.17,122,0.0,0.0,0.0,1.0
654,0,20,M,Divorced,High,1.0,291.0,1.0,0.0,1.0,19,315,0.0,0.0,9,1437.17,62,0.11,0.0,0.22,0.44
655,0,26,F,Married,Medium,2.0,14.0,0.0,0.0,0.5,26,334,0.0,0.0,9,2097.25,146,0.22,0.11,0.11,0.33
656,0,69,F,Divorced,Low,,,,,,35,174,0.0,0.0,7,1567.52,45,0.14,0.14,0.14,0.29
657,1,28,F,Widowed,High,1.0,120.0,1.0,1.0,0.0,16,24,0.06,0.0,5,1135.3,117,0.2,0.4,0.2,0.2
658,1,66,M,Divorced,Low,1.0,326.0,0.0,1.0,0.0,13,189,0.0,0.0,6,1132.79,108,0.33,0.33,0.0,0.33
659,0,44,F,Widowed,Low,2.0,136.0,0.5,0.5,0.0,10,97,0.0,0.1,6,1658.16,31,0.5,0.0,0.17,0.0
660,0,45,F,Married,High,2.0,127.0,0.5,0.5,0.0,8,140,0.0,0.0,8,2676.26,73,0.12,0.25,0.38,0.12
661,0,19,M,Divorced,Low,,,,,,27,80,0.0,0.0,8,1579.69,8,0.25,0.12,0.25,0.25
662,0,18,F,Single,High,,,,,,26,121,0.0,0.0,4,758.41,171,0.0,0.25,0.5,0.0
663,0,23,F,Divorced,Low,1.0,310.0,0.0,0.0,0.0,3,263,0.0,0.0,6,1160.99,103,0.33,0.17,0.17,0.17
664,0,42,F,Widowed,Medium,1.0,62.0,0.0,0.0,0.0,45,129,0.02,0.0,6,1972.94,34,0.17,0.33,0.0,0.33
665,0,52,F,Widowed,High,1.0,0.0,0.0,0.0,0.0,36,199,0.03,0.0,5,1405.19,123,0.2,0.2,0.6,0.0
666,0,33,M,Single,Medium,,,,,,41,70,0.02,0.0,1,474.38,351,1.0,0.0,0.0,0.0
667,0,21,F,Divorced,Low,1.0,297.0,1.0,0.0,1.0,8,73,0.12,0.0,6,1442.15,126,0.5,0.17,0.17,0.17
668,0,64,M,Married,Medium,1.0,15.0,0.0,1.0,0.0,32,211,0.0,0.03,7,1668.59,6,0.14,0.29,0.0,0.57
669,0,55,F,Divorced,High,2.0,10.0,0.5,0.0,0.5,19,55,0.0,0.05,8,2232.41,59,0.0,0.12,0.25,0.25
670,0,61,F,Divorced,Low,,,,,,12,273,0.08,0.0,1,143.34,56,0.0,0.0,0.0,0.0
671,0,37,F,Divorced,High,1.0,69.0,1.0,0.0,0.0,45,306,0.02,0.0,9,2587.47,20,0.33,0.0,0.0,0.33
672,0,42,F,Single,Low,2.0,188.0,1.0,1.0,0.0,45,274,0.0,0.0,1,77.31,215,0.0,0.0,0.0,0.0
673,0,24,F,Single,Medium,2.0,274.0,1.0,0.5,0.0,13,182,0.0,0.0,8,1779.5,25,0.0,0.25,0.12,0.38
674,1,38,M,Single,Medium,2.0,285.0,0.5,0.5,0.0,44,342,0.02,0.0,9,2314.49,102,0.11,0.22,0.11,0.33
675,0,24,M,Single,High,2.0,162.0,1.0,0.0,1.0,48,207,0.02,0.0,9,2461.3,5,0.22,0.22,0.11,0.11
676,0,46,M,Single,High,,,,,,45,45,0.0,0.0,5,923.55,1,0.2,0.4,0.0,0.2
677,1,69,F,Married,Low,2.0,140.0,0.5,0.0,0.0,7,179,0.0,0.14,1,308.82,253,0.0,0.0,0.0,1.0
678,0,24,M,Divorced,High,1.0,82.0,1.0,0.0,0.0,47,253,0.02,0.0,4,864.3,21,0.0,0.25,0.25,0.5
679,0,20,F,Divorced,High,2.0,163.0,0.5,0.0,1.0,47,122,0.0,0.02,7,1700.3,5,0.14,0.14,0.43,0.29
680,0,46,M,Married,Medium,,,,,,16,7,0.0,0.06,9,2490.85,18,0.33,0.22,0.0,0.33
681,0,46,M,Married,High,,,,,,32,192,0.0,0.0,4,1463.19,96,0.25,0.25,0.0,0.5
682,1,56,M,Married,High,1.0,136.0,1.0,1.0,0.0,9,108,0.0,0.0,5,1084.11,15,0.2,0.2,0.2,0.2
683,0,55,F,Married,Low,2.0,199.0,0.5,0.0,1.0,26,134,0.04,0.0,5,1383.28,37,0.6,0.0,0.2,0.0
684,0,23,M,Single,Medium,1.0,343.0,1.0,0.0,1.0,48,160,0.0,0.0,5,1240.94,45,0.2,0.4,0.2,0.2
685,1,63,F,Divorced,Medium,,,,,,40,157,0.0,0.02,2,534.74,288,0.5,0.0,0.0,0.5
686,0,27,M,Married,Low,,,,,,47,155,0.0,0.02,4,1019.6700000000001,27,0.5,0.0,0.0,0.25
687,0,54,F,Widowed,Medium,1.0,348.0,1.0,1.0,0.0,20,37,0.05,0.0,9,1446.69,14,0.11,0.0,0.22,0.33
688,0,31,F,Married,Low,2.0,27.0,0.5,1.0,0.0,6,87,0.0,0.17,9,2281.4700000000003,19,0.22,0.22,0.22,0.11
689,0,39,F,Divorced,Low,,,,,,11,341,0.0,0.0,4,897.51,10,0.0,0.25,0.5,0.25
690,0,49,F,Widowed,High,,,,,,29,9,0.03,0.0,3,638.06,11,0.33,0.33,0.0,0.33
691,1,35,F,Married,High,,,,,,7,354,0.0,0.0,2,683.19,40,0.0,0.0,0.0,0.0
692,0,53,F,Single,Low,,,,,,29,190,0.0,0.03,5,1421.26,38,0.4,0.4,0.0,0.0
693,0,63,F,Single,High,1.0,176.0,1.0,0.0,0.0,43,91,0.0,0.0,8,2154.62,16,0.25,0.38,0.25,0.12
694,0,69,F,Widowed,High,,,,,,4,353,0.25,0.0,7,1500.44,89,0.0,0.0,0.14,0.57
695,1,26,F,Single,Medium,2.0,255.0,0.5,1.0,0.0,24,325,0.0,0.0,9,2615.4300000000003,6,0.0,0.44,0.11,0.11
696,1,43,F,Widowed,Medium,1.0,72.0,0.0,0.0,0.0,3,324,0.0,0.33,1,55.77,279,1.0,0.0,0.0,0.0
697,0,39,M,Married,High,,,,,,12,173,0.08,0.0,2,489.1,108,0.0,0.0,0.5,0.0
698,0,63,F,Divorced,Low,,,,,,35,181,0.0,0.03,2,273.02,54,0.0,0.0,1.0,0.0
699,1,55,M,Widowed,Low,,,,,,8,320,0.0,0.0,4,994.16,35,0.0,0.5,0.0,0.5
700,0,40,M,Married,High,2.0,302.0,0.5,1.0,0.0,38,13,0.03,0.0,8,2810.28,105,0.12,0.25,0.12,0.25
701,0,34,F,Widowed,High,,,,,,41,347,0.02,0.0,9,2395.1,60,0.0,0.33,0.11,0.22
702,1,43,M,Divorced,Low,,,,,,38,0,0.0,0.0,5,681.77,74,0.2,0.0,0.2,0.0
703,0,64,F,Single,Medium,2.0,164.0,1.0,0.5,0.0,15,106,0.0,0.0,7,1289.55,58,0.0,0.29,0.14,0.14
704,0,55,F,Single,Medium,,,,,,5,58,0.0,0.2,3,948.6800000000001,245,0.0,0.67,0.0,0.0
705,0,19,M,Widowed,Low,2.0,77.0,0.0,1.0,0.0,40,229,0.0,0.02,7,1783.47,127,0.29,0.0,0.14,0.29
706,0,23,F,Divorced,High,1.0,221.0,0.0,0.0,1.0,16,279,0.06,0.0,1,104.0,221,0.0,0.0,0.0,0.0
707,0,24,M,Married,Medium,1.0,331.0,0.0,1.0,0.0,46,363,0.02,0.0,1,35.24,260,0.0,0.0,0.0,1.0
708,0,30,M,Married,Low,1.0,267.0,0.0,0.0,1.0,28,93,0.0,0.04,3,807.48,16,0.33,0.33,0.33,0.0
709,0,44,M,Married,High,,,,,,13,163,0.0,0.0,1,346.94,234,0.0,0.0,0.0,0.0
710,0,28,M,Widowed,High,,,,,,41,246,0.0,0.02,6,1373.66,26,0.33,0.0,0.5,0.0
711,0,32,F,Single,Medium,1.0,79.0,0.0,0.0,0.0,11,308,0.0,0.09,1,391.99,218,1.0,0.0,0.0,0.0
712,0,26,F,Widowed,High,2.0,187.0,1.0,1.0,0.0,37,31,0.0,0.0,5,1159.3899999999999,28,0.0,0.2,0.4,0.0
713,0,25,F,Widowed,Low,1.0,310.0,1.0,1.0,0.0,3,294,0.0,0.33,8,1792.54,55,0.12,0.12,0.38,0.0
714,0,63,M,Widowed,Low,,,,,,8,114,0.0,0.0,8,1170.32,7,0.5,0.12,0.0,0.38
715,0,23,F,Married,Low,1.0,64.0,0.0,1.0,0.0,38,212,0.03,0.0,2,555.91,143,0.0,0.0,1.0,0.0
716,1,65,M,Divorced,Low,2.0,237.0,0.5,1.0,0.0,47,354,0.0,0.0,9,3220.3,44,0.11,0.33,0.22,0.11
717,0,60,M,Widowed,High,2.0,45.0,0.0,0.5,0.5,34,242,0.0,0.03,7,1950.63,92,0.14,0.57,0.29,0.0
718,0,21,M,Married,Low,1.0,135.0,0.0,0.0,1.0,38,172,0.0,0.0,6,1845.21,75,0.33,0.17,0.0,0.33
719,0,28,M,Widowed,Medium,,,,,,42,15,0.02,0.0,2,434.86,96,0.5,0.0,0.5,0.0
720,0,68,M,Widowed,High,2.0,189.0,0.5,0.5,0.5,24,335,0.0,0.04,6,1551.13,101,0.0,0.33,0.17,0.0
721,0,45,M,Married,High,,,,,,18,247,0.0,0.06,5,921.3299999999999,168,0.2,0.4,0.2,0.0
722,0,43,F,Divorced,High,1.0,179.0,0.0,1.0,0.0,25,272,0.0,0.04,3,814.74,26,0.67,0.0,0.33,0.0
723,0,21,F,Divorced,Low,2.0,23.0,1.0,0.5,0.5,13,212,0.0,0.08,7,2143.56,58,0.71,0.0,0.14,0.0
724,0,32,F,Single,High,1.0,339.0,0.0,0.0,1.0,39,68,0.0,0.03,2,477.73,220,0.0,0.0,0.5,0.0
725,0,36,M,Widowed,Low,,,,,,22,78,0.0,0.0,2,627.29,240,0.0,0.5,0.0,0.0
726,0,23,M,Single,Low,1.0,61.0,1.0,0.0,0.0,30,124,0.03,0.0,8,2048.2,9,0.25,0.25,0.12,0.12
727,0,22,F,Married,High,,,,,,30,140,0.0,0.0,6,1252.1,8,0.17,0.17,0.17,0.33
728,0,35,F,Widowed,High,1.0,82.0,0.0,0.0,0.0,37,240,0.0,0.03,5,1552.44,57,0.2,0.2,0.4,0.2
729,0,23,F,Married,Low,1.0,160.0,1.0,0.0,1.0,45,325,0.0,0.0,2,161.07,12,0.5,0.0,0.0,0.0
730,0,48,M,Single,High,1.0,307.0,1.0,1.0,0.0,43,11,0.0,0.02,6,1247.79,105,0.17,0.33,0.17,0.17
731,0,42,F,Married,High,,,,,,15,11,0.07,0.0,8,1559.5,90,0.12,0.25,0.25,0.12
732,0,21,F,Married,Low,1.0,346.0,0.0,0.0,1.0,35,15,0.0,0.0,9,1865.72,113,0.22,0.11,0.11,0.11
733,1,23,M,Divorced,Low,2.0,283.0,0.0,0.0,1.0,6,350,0.17,0.0,3,681.14,50,0.0,0.33,0.0,0.67
734,0,58,M,Widowed,High,2.0,19.0,0.5,0.0,0.5,11,118,0.0,0.0,5,1047.12,61,0.0,0.4,0.4,0.2
735,0,54,F,Widowed,Low,2.0,138.0,0.5,1.0,0.0,28,87,0.0,0.04,8,2165.4900000000002,16,0.38,0.38,0.12,0.12
736,0,67,F,Widowed,Low,1.0,147.0,0.0,0.0,0.0,30,303,0.0,0.03,3,576.3,149,0.33,0.33,0.0,0.33
737,0,42,M,Married,Medium,2.0,116.0,0.5,0.5,0.5,16,232,0.0,0.0,9,2132.05,44,0.33,0.22,0.22,0.22
738,0,51,M,Divorced,High,2.0,55.0,0.0,0.0,0.0,28,220,0.0,0.0,3,675.36,228,0.0,0.0,1.0,0.0
739,0,36,M,Single,High,,,,,,25,85,0.04,0.0,2,338.96999999999997,83,0.0,0.0,0.0,0.5
740,0,51,M,Widowed,High,1.0,180.0,1.0,0.0,0.0,48,218,0.02,0.0,9,2094.81,29,0.22,0.11,0.33,0.11
741,0,32,F,Married,High,1.0,202.0,1.0,0.0,0.0,30,192,0.0,0.03,8,2317.66,16,0.12,0.25,0.38,0.12
742,1,67,F,Divorced,High,,,,,,45,276,0.02,0.0,2,583.1,183,0.0,0.0,0.0,0.5
743,0,25,F,Divorced,Low,2.0,297.0,1.0,0.5,0.0,14,156,0.07,0.0,4,1118.41,16,0.25,0.0,0.0,0.5
744,0,61,F,Widowed,High,,,,,,27,205,0.0,0.04,6,1132.03,79,0.33,0.17,0.33,0.0
745,0,64,F,Divorced,High,,,,,,48,204,0.0,0.02,9,2639.2799999999997,34,0.11,0.44,0.22,0.0
746,0,66,M,Divorced,Medium,1.0,90.0,1.0,0.0,1.0,30,13,0.0,0.0,2,604.8199999999999,72,0.0,0.0,1.0,0.0
747,0,51,M,Married,Low,2.0,296.0,0.0,0.5,0.0,10,29,0.1,0.0,4,967.0799999999999,6,0.75,0.0,0.25,0.0
748,1,35,F,Single,High,,,,,,20,328,0.0,0.0,2,284.57,43,0.0,0.5,0.5,0.0
749,0,47,M,Divorced,High,2.0,118.0,0.5,0.0,0.5,44,308,0.02,0.0,3,618.27,9,0.0,0.33,0.0,0.33
750,0,30,F,Single,High,2.0,154.0,0.5,1.0,0.0,7,132,0.0,0.14,8,2600.41,26,0.25,0.0,0.38,0.12
751,0,64,F,Divorced,High,1.0,2.0,1.0,0.0,0.0,34,129,0.0,0.03,6,1172.35,96,0.83,0.0,0.17,0.0
752,0,50,F,Divorced,Low,2.0,1.0,1.0,1.0,0.0,27,24,0.0,0.04,9,2056.76,25,0.33,0.0,0.22,0.22
753,1,52,F,Divorced,Medium,2.0,57.0,0.5,0.0,0.5,23,188,0.04,0.0,6,1560.95,45,0.0,0.17,0.17,0.33
754,0,69,M,Widowed,Medium,,,,,,46,57,0.0,0.02,4,1122.07,66,0.25,0.0,0.0,0.5
755,0,41,F,Widowed,High,,,,,,45,315,0.0,0.02,3,539.68,192,0.33,0.0,0.33,0.0
756,0,43,F,Widowed,Medium,,,,,,25,144,0.0,0.0,6,2081.7,221,0.0,0.0,0.33,0.33
757,1,64,F,Single,Medium,1.0,34.0,1.0,1.0,0.0,28,116,0.0,0.0,5,1484.12,53,0.0,0.2,0.2,0.2
758,0,68,M,Single,Medium,2.0,16.0,0.0,0.5,0.5,18,146,0.06,0.0,9,1725.5,19,0.22,0.0,0.11,0.44
759,0,61,F,Widowed,Medium,1.0,225.0,1.0,0.0,0.0,13,294,0.0,0.08,2,575.97,291,0.5,0.5,0.0,0.0
760,0,59,M,Single,Medium,2.0,196.0,0.5,0.5,0.5,13,335,0.08,0.0,1,477.75,235,0.0,0.0,0.0,1.0
761,0,64,M,Married,Low,1.0,230.0,1.0,1.0,0.0,45,358,0.02,0.0,9,1309.22,13,0.0,0.22,0.0,0.44
762,1,18,F,Single,Low,1.0,296.0,0.0,0.0,0.0,34,55,0.0,0.0,9,2577.9500000000003,107,0.33,0.22,0.11,0.22
763,1,30,M,Married,Low,2.0,16.0,1.0,0.5,0.0,14,247,0.0,0.0,5,693.13,50,0.2,0.4,0.4,0.0
764,0,27,M,Widowed,Medium,,,,,,28,319,0.0,0.0,1,496.99,340,0.0,0.0,0.0,1.0
765,0,36,F,Married,Low,1.0,60.0,1.0,0.0,1.0,13,24,0.08,0.0,5,1079.2,110,0.2,0.4,0.0,0.0
766,0,22,F,Widowed,Medium,2.0,99.0,1.0,0.5,0.0,34,175,0.0,0.03,3,910.23,206,0.33,0.33,0.0,0.0
767,0,25,M,Widowed,Medium,,,,,,5,143,0.0,0.0,8,2189.69,9,0.12,0.25,0.5,0.0
768,0,21,F,Widowed,Low,,,,,,40,131,0.0,0.0,5,1068.46,136,0.4,0.0,0.2,0.2
769,0,66,M,Single,High,2.0,279.0,0.5,0.0,0.5,10,219,0.0,0.0,5,1257.45,180,0.0,0.2,0.6,0.2
770,0,30,F,Divorced,Medium,2.0,74.0,0.0,0.5,0.5,36,335,0.0,0.03,6,970.67,53,0.33,0.0,0.33,0.33
771,0,55,F,Divorced,Medium,2.0,222.0,0.5,0.0,0.5,6,262,0.17,0.0,7,1500.63,18,0.0,0.14,0.43,0.29
772,0,63,F,Married,Low,2.0,11.0,0.0,0.5,0.5,21,245,0.05,0.0,4,1124.58,63,0.0,0.0,0.5,0.25
773,0,66,M,Divorced,Medium,,,,,,35,177,0.0,0.03,8,1918.91,13,0.38,0.25,0.0,0.12
774,0,63,M,Widowed,Medium,,,,,,16,37,0.06,0.0,1,41.49,331,0.0,0.0,0.0,0.0
775,1,36,M,Divorced,Medium,1.0,21.0,1.0,1.0,0.0,20,152,0.0,0.05,5,1586.9,29,0.2,0.4,0.0,0.2
776,0,69,F,Married,Low,2.0,122.0,0.5,0.5,0.0,31,147,0.0,0.0,5,1647.73,8,0.2,0.0,0.4,0.0
777,1,67,M,Widowed,High,,,,,,5,100,0.0,0.2,6,1488.0,87,0.0,0.33,0.5,0.0
778,0,25,F,Single,High,2.0,16.0,0.5,0.0,0.5,6,160,0.17,0.0,9,2064.51,50,0.11,0.22,0.22,0.33
779,0,44,F,Widowed,Low,1.0,274.0,1.0,0.0,1.0,2,167,0.0,0.0,6,1563.06,29,0.17,0.33,0.0,0.33
780,0,67,M,Widowed,Medium,1.0,110.0,0.0,0.0,0.0,39,73,0.0,0.0,7,2107.59,29,0.29,0.29,0.14,0.14
781,0,64,F,Married,High,1.0,276.0,1.0,0.0,1.0,22,337,0.0,0.0,2,548.61,164,1.0,0.0,0.0,0.0
782,1,47,M,Single,Low,1.0,169.0,0.0,1.0,0.0,11,115,0.0,0.0,5,1042.79,77,0.2,0.4,0.2,0.0
783,0,21,F,Widowed,Low,,,,,,15,143,0.0,0.07,6,1133.6799999999998,69,0.0,0.5,0.5,0.0
784,0,28,M,Single,Medium,2.0,246.0,0.5,1.0,0.0,13,144,0.08,0.0,4,1567.71,85,0.0,0.25,0.0,0.5
785,0,38,F,Widowed,Medium,1.0,281.0,1.0,1.0,0.0,33,84,0.03,0.0,7,1960.77,12,0.0,0.14,0.43,0.29
786,0,60,F,Widowed,Low,2.0,148.0,0.5,1.0,0.0,46,112,0.0,0.0,9,2141.4,58,0.22,0.22,0.33,0.11
787,0,19,M,Married,Low,2.0,64.0,0.5,0.0,0.0,14,235,0.0,0.07,8,1255.38,37,0.12,0.12,0.25,0.0
788,1,38,M,Widowed,Low,,,,,,39,133,0.03,0.0,5,1041.15,10,0.4,0.0,0.0,0.0
789,1,34,F,Widowed,High,2.0,162.0,1.0,0.5,0.0,2,102,0.0,0.5,8,1755.6999999999998,0,0.25,0.38,0.12,0.12
790,0,60,M,Widowed,Medium,1.0,141.0,1.0,1.0,0.0,10,247,0.0,0.1,9,2782.16,31,0.33,0.22,0.0,0.33
791,1,68,F,Divorced,Low,2.0,48.0,1.0,0.5,0.5,42,10,0.0,0.02,2,441.32,68,0.5,0.5,0.0,0.0
792,0,46,F,Single,Medium,2.0,10.0,0.5,0.5,0.5,30,147,0.03,0.0,5,1381.17,12,0.4,0.2,0.0,0.0
793,0,44,F,Married,High,1.0,130.0,1.0,0.0,1.0,32,78,0.0,0.03,6,1189.15,167,0.17,0.5,0.0,0.0
794,0,41,F,Married,Low,2.0,224.0,1.0,0.0,0.0,9,222,0.0,0.11,6,2430.75,30,0.17,0.17,0.0,0.33
795,0,66,F,Married,Medium,1.0,50.0,1.0,1.0,0.0,48,0,0.02,0.0,4,993.04,102,0.5,0.25,0.0,0.0
796,0,20,M,Widowed,High,,,,,,16,325,0.0,0.06,9,2309.95,35,0.11,0.33,0.11,0.11
797,0,56,M,Single,Low,1.0,351.0,1.0,0.0,1.0,39,2,0.0,0.03,4,922.22,26,0.0,0.75,0.25,0.0
798,0,27,M,Divorced,Medium,2.0,273.0,1.0,1.0,0.0,5,218,0.0,0.0,6,953.9499999999999,61,0.17,0.0,0.33,0.0
799,1,20,F,Divorced,Low,1.0,334.0,0.0,1.0,0.0,46,362,0.0,0.0,4,912.13,103,0.0,0.0,0.5,0.5
800,0,62,M,Married,Medium,2.0,89.0,0.5,0.0,0.5,15,217,0.07,0.0,5,1213.09,9,0.4,0.4,0.0,0.2
801,0,59,M,Single,Medium,,,,,,4,117,0.0,0.25,7,1621.99,1,0.43,0.0,0.14,0.14
802,0,43,M,Divorced,High,2.0,76.0,0.5,0.0,1.0,24,115,0.0,0.0,2,504.29,26,1.0,0.0,0.0,0.0
803,0,54,F,Married,High,1.0,38.0,0.0,1.0,0.0,25,47,0.0,0.04,8,2136.39,5,0.12,0.12,0.38,0.0
804,0,44,M,Divorced,High,1.0,75.0,1.0,0.0,1.0,37,12,0.0,0.03,7,2218.53,20,0.43,0.14,0.14,0.29
805,0,22,M,Divorced,High,1.0,204.0,1.0,0.0,0.0,24,348,0.0,0.04,6,1100.6200000000001,2,0.17,0.33,0.17,0.33
806,1,59,M,Single,High,1.0,185.0,1.0,0.0,0.0,42,133,0.02,0.0,3,421.3,55,0.33,0.33,0.0,0.0
807,1,28,F,Married,Medium,,,,,,13,306,0.0,0.0,4,1217.41,42,0.0,0.25,0.5,0.25
808,0,30,M,Divorced,High,2.0,69.0,0.5,1.0,0.0,20,135,0.05,0.0,6,1759.63,85,0.67,0.0,0.0,0.33
809,0,58,F,Widowed,Medium,,,,,,5,324,0.0,0.0,9,1482.3600000000001,24,0.33,0.11,0.11,0.22
810,0,51,F,Widowed,Medium,1.0,116.0,1.0,0.0,0.0,20,317,0.05,0.0,4,1290.08,112,0.25,0.25,0.0,0.0
811,0,55,M,Divorced,Low,1.0,192.0,1.0,0.0,0.0,18,267,0.06,0.0,2,871.11,265,0.0,0.5,0.5,0.0
812,1,57,F,Single,Medium,2.0,170.0,1.0,0.5,0.0,39,297,0.0,0.0,7,2042.29,12,0.0,0.14,0.14,0.43
813,0,50,M,Single,Medium,,,,,,49,23,0.0,0.02,8,2206.29,7,0.0,0.12,0.12,0.12
814,0,51,F,Divorced,High,2.0,117.0,1.0,0.5,0.5,3,223,0.33,0.0,9,1650.27,41,0.11,0.33,0.11,0.11
815,0,44,M,Single,Medium,,,,,,44,132,0.02,0.0,2,493.38,14,0.0,0.0,0.5,0.5
816,0,53,M,Single,High,,,,,,31,72,0.03,0.0,8,1299.37,66,0.12,0.0,0.38,0.12
817,0,43,F,Widowed,Medium,,,,,,30,14,0.0,0.03,4,337.9,134,0.5,0.0,0.0,0.5
818,0,68,M,Married,Medium,1.0,45.0,1.0,0.0,0.0,41,283,0.02,0.0,8,1295.74,15,0.62,0.25,0.0,0.12
819,0,42,F,Married,High,1.0,126.0,0.0,1.0,0.0,24,239,0.0,0.04,5,985.26,57,0.2,0.2,0.4,0.0
820,0,36,M,Divorced,Low,,,,,,5,114,0.2,0.0,2,566.46,54,0.0,0.0,0.5,0.5
821,0,38,F,Divorced,Medium,1.0,214.0,1.0,0.0,0.0,20,195,0.0,0.0,2,304.95,112,0.0,0.5,0.5,0.0
822,0,48,F,Divorced,Medium,2.0,207.0,0.0,0.0,0.5,24,336,0.0,0.0,9,2275.24,133,0.11,0.0,0.22,0.33
823,1,46,F,Widowed,High,1.0,57.0,1.0,0.0,1.0,17,0,0.06,0.0,3,651.38,125,0.0,0.33,0.33,0.33
824,0,26,F,Widowed,High,,,,,,8,330,0.12,0.0,1,318.01,169,0.0,0.0,1.0,0.0
825,0,36,F,Single,Low,,,,,,21,50,0.0,0.05,9,1087.05,27,0.33,0.0,0.22,0.0
826,1,43,M,Widowed,Low,1.0,220.0,0.0,0.0,0.0,14,166,0.0,0.0,6,1099.45,113,0.33,0.33,0.17,0.0
827,1,42,M,Married,Low,,,,,,38,83,0.03,0.0,6,2317.93,16,0.17,0.33,0.0,0.17
828,0,57,F,Widowed,Medium,1.0,156.0,0.0,1.0,0.0,32,80,0.03,0.0,4,1361.59,55,0.25,0.25,0.5,0.0
829,0,60,M,Divorced,Medium,,,,,,36,201,0.03,0.0,1,144.37,144,0.0,1.0,0.0,0.0
830,0,46,M,Married,High,,,,,,40,167,0.0,0.02,2,395.99,69,0.5,0.0,0.0,0.5
831,1,42,F,Single,High,1.0,185.0,0.0,0.0,1.0,4,119,0.0,0.0,8,1417.95,20,0.25,0.0,0.38,0.12
832,0,36,F,Married,High,,,,,,21,131,0.0,0.05,5,1463.62,39,0.2,0.0,0.0,0.6
833,0,21,F,Widowed,Low,1.0,251.0,0.0,0.0,1.0,25,108,0.0,0.0,5,1000.79,52,0.2,0.6,0.2,0.0
834,0,62,F,Widowed,Low,1.0,253.0,0.0,0.0,1.0,45,40,0.0,0.0,5,1521.8600000000001,13,0.0,0.2,0.4,0.0
835,0,37,M,Single,Low,1.0,39.0,1.0,0.0,0.0,1,163,0.0,0.0,5,825.2,97,0.0,0.2,0.4,0.2
836,1,63,M,Divorced,Medium,2.0,101.0,1.0,0.5,0.0,47,208,0.0,0.0,6,1130.44,166,0.0,0.67,0.33,0.0
837,0,18,F,Single,Medium,,,,,,13,127,0.0,0.08,7,1600.01,57,0.43,0.14,0.14,0.29
838,0,28,M,Single,High,2.0,70.0,0.5,0.5,0.0,16,362,0.06,0.0,9,1729.93,10,0.11,0.33,0.11,0.11
839,0,21,M,Single,Low,,,,,,29,186,0.0,0.0,5,1182.6,15,0.2,0.4,0.2,0.2
840,0,24,F,Single,Medium,1.0,340.0,1.0,0.0,0.0,39,190,0.0,0.0,5,997.8299999999999,7,0.0,0.2,0.0,0.8
841,1,45,M,Widowed,Low,1.0,263.0,0.0,1.0,0.0,29,149,0.0,0.03,8,1829.46,17,0.12,0.25,0.5,0.0
842,0,53,M,Divorced,Medium,1.0,147.0,1.0,0.0,0.0,12,277,0.0,0.0,8,2806.69,27,0.25,0.0,0.0,0.5
843,0,24,F,Married,Low,1.0,4.0,1.0,0.0,0.0,31,327,0.0,0.03,5,1069.53,28,0.2,0.0,0.2,0.2
844,0,37,M,Divorced,Medium,,,,,,20,61,0.0,0.0,6,1505.23,28,0.33,0.0,0.33,0.17
845,0,52,M,Divorced,Medium,,,,,,35,316,0.03,0.0,8,2238.86,8,0.25,0.12,0.25,0.12
846,0,68,M,Single,Medium,,,,,,41,103,0.0,0.0,5,1667.48,42,0.4,0.0,0.6,0.0
847,0,68,F,Divorced,Medium,2.0,166.0,1.0,0.0,0.5,28,39,0.04,0.0,6,1672.9299999999998,136,0.17,0.17,0.17,0.33
848,1,56,F,Single,High,2.0,117.0,0.5,0.5,0.5,35,362,0.0,0.0,2,690.1600000000001,54,0.0,0.5,0.5,0.0
849,0,38,M,Married,Low,2.0,75.0,0.5,0.0,0.5,29,345,0.0,0.03,5,830.54,20,0.2,0.2,0.4,0.2
850,1,61,F,Single,Medium,,,,,,44,133,0.0,0.0,1,38.12,262,0.0,0.0,0.0,0.0
851,0,18,M,Married,Medium,1.0,51.0,1.0,0.0,1.0,39,336,0.03,0.0,2,580.18,16,0.0,1.0,0.0,0.0
852,0,54,F,Divorced,Low,1.0,168.0,0.0,0.0,0.0,29,99,0.0,0.0,4,569.13,14,0.25,0.0,0.0,0.0
853,0,63,M,Single,Medium,1.0,214.0,0.0,0.0,0.0,34,30,0.0,0.03,3,1178.95,154,0.33,0.0,0.33,0.0
854,0,59,F,Widowed,Medium,2.0,31.0,0.5,0.0,1.0,10,172,0.0,0.0,1,47.85,60,0.0,0.0,1.0,0.0
855,0,20,M,Married,Low,2.0,17.0,0.5,1.0,0.0,37,97,0.03,0.0,8,2656.16,51,0.0,0.25,0.12,0.25
856,0,51,M,Divorced,High,,,,,,48,227,0.0,0.02,3,524.36,90,0.0,0.33,0.0,0.0
857,1,30,F,Married,High,1.0,211.0,1.0,1.0,0.0,7,174,0.0,0.0,1,379.0,168,0.0,0.0,1.0,0.0
858,0,33,M,Single,Medium,2.0,145.0,1.0,0.0,0.5,9,145,0.0,0.11,2,224.33,86,1.0,0.0,0.0,0.0
859,0,51,M,Widowed,High,,,,,,16,160,0.0,0.06,9,2320.9,7,0.44,0.22,0.0,0.22
860,0,41,F,Married,High,2.0,269.0,0.5,1.0,0.0,21,218,0.0,0.0,2,410.36,24,0.0,0.5,0.0,0.0
861,0,30,F,Married,Medium,1.0,230.0,1.0,0.0,1.0,14,229,0.0,0.07,2,258.79,31,0.0,0.5,0.0,0.0
862,0,23,M,Married,Medium,,,,,,2,299,0.5,0.0,6,1581.13,14,0.0,0.17,0.33,0.33
863,0,56,M,Divorced,High,2.0,184.0,0.5,0.0,1.0,26,78,0.04,0.0,7,1031.04,34,0.29,0.14,0.14,0.29
864,0,19,M,Widowed,Medium,,,,,,34,286,0.0,0.03,7,1537.15,10,0.14,0.29,0.14,0.14
865,0,28,F,Widowed,Medium,1.0,70.0,0.0,0.0,1.0,47,204,0.0,0.0,9,2739.69,110,0.44,0.0,0.11,0.22
866,0,24,F,Widowed,High,,,,,,49,5,0.0,0.02,2,440.09000000000003,167,0.0,0.0,0.0,1.0
867,0,24,M,Married,Low,,,,,,18,11,0.0,0.06,6,985.19,21,0.0,0.0,0.17,0.33
868,0,56,M,Married,High,,,,,,12,162,0.0,0.08,6,1858.01,61,0.17,0.17,0.17,0.0
869,1,56,M,Married,High,2.0,142.0,0.5,0.5,0.0,19,16,0.05,0.0,7,1708.06,78,0.0,0.14,0.14,0.57
870,0,29,M,Married,High,1.0,31.0,0.0,0.0,1.0,36,347,0.0,0.03,1,358.81,326,0.0,0.0,1.0,0.0
871,0,68,F,Single,Medium,2.0,167.0,0.5,0.0,0.5,38,106,0.03,0.0,4,1268.83,69,0.5,0.0,0.0,0.25
872,0,39,M,Single,High,,,,,,16,245,0.0,0.06,8,2710.07,21,0.0,0.5,0.0,0.25
873,0,68,M,Divorced,Medium,,,,,,46,72,0.0,0.02,3,868.72,42,0.33,0.0,0.33,0.33
874,0,68,F,Married,Low,2.0,89.0,1.0,0.5,0.5,8,2,0.0,0.0,1,488.21,117,0.0,1.0,0.0,0.0
875,0,69,F,Divorced,High,,,,,,9,29,0.0,0.11,8,2066.71,11,0.38,0.12,0.25,0.0
876,0,20,F,Widowed,Low,1.0,83.0,1.0,0.0,1.0,4,102,0.25,0.0,8,1940.62,3,0.12,0.12,0.25,0.38
877,0,30,F,Married,High,,,,,,36,214,0.0,0.03,7,2189.5499999999997,30,0.0,0.43,0.0,0.43
878,0,47,M,Single,Medium,,,,,,47,148,0.0,0.02,8,2181.62,83,0.25,0.25,0.12,0.25
879,0,27,M,Married,Low,1.0,106.0,1.0,1.0,0.0,38,173,0.03,0.0,1,328.09,18,0.0,1.0,0.0,0.0
880,0,69,F,Widowed,High,2.0,177.0,1.0,1.0,0.0,49,51,0.02,0.0,7,1311.23,93,0.14,0.29,0.29,0.29
881,0,26,F,Divorced,Low,2.0,91.0,0.5,0.0,0.5,49,274,0.0,0.02,1,189.28,106,0.0,0.0,0.0,0.0
882,0,23,M,Married,Medium,,,,,,45,112,0.0,0.02,3,745.26,49,0.67,0.0,0.0,0.0
883,0,61,M,Single,Medium,2.0,241.0,0.0,0.0,0.5,4,77,0.0,0.25,7,776.71,71,0.14,0.29,0.14,0.29
884,0,19,M,Widowed,High,1.0,181.0,0.0,1.0,0.0,8,87,0.12,0.0,9,2069.03,25,0.33,0.11,0.33,0.11
885,0,61,F,Widowed,High,2.0,87.0,0.5,1.0,0.0,43,356,0.0,0.0,9,2431.0299999999997,63,0.11,0.44,0.22,0.0
886,0,33,F,Divorced,Low,1.0,266.0,1.0,0.0,0.0,7,132,0.0,0.0,7,2197.83,52,0.0,0.29,0.29,0.0
887,0,30,F,Married,Medium,2.0,240.0,0.5,0.5,0.0,3,295,0.0,0.33,4,812.28,147,0.25,0.0,0.0,0.0
888,0,65,M,Single,Medium,1.0,334.0,0.0,0.0,1.0,1,118,1.0,0.0,3,436.94,40,0.33,0.0,0.33,0.33
889,0,30,M,Married,High,,,,,,4,339,0.0,0.0,4,306.88,58,0.0,0.0,0.0,0.5
890,0,39,M,Single,Medium,2.0,8.0,1.0,0.5,0.5,1,305,0.0,0.0,2,369.47,173,0.0,0.0,0.0,0.5
891,0,36,F,Divorced,Medium,2.0,22.0,0.0,0.5,0.5,46,291,0.0,0.02,5,1602.17,4,0.4,0.0,0.2,0.4
892,0,43,F,Widowed,Medium,1.0,250.0,0.0,1.0,0.0,42,349,0.0,0.0,1,183.21,88,0.0,0.0,0.0,1.0
893,0,31,M,Divorced,Low,2.0,82.0,0.5,0.0,0.5,38,78,0.0,0.0,9,3026.91,94,0.0,0.33,0.11,0.11
894,0,48,M,Widowed,Low,2.0,188.0,0.5,1.0,0.0,37,132,0.0,0.0,3,983.26,53,0.33,0.0,0.0,0.0
895,0,46,F,Married,Low,,,,,,12,96,0.0,0.0,7,1649.0800000000002,91,0.14,0.14,0.14,0.29
896,0,62,F,Widowed,Medium,1.0,79.0,1.0,1.0,0.0,42,39,0.02,0.0,8,1403.03,73,0.38,0.12,0.38,0.0
897,0,59,F,Single,High,2.0,13.0,0.0,0.0,0.5,10,132,0.0,0.0,8,2125.28,72,0.12,0.12,0.25,0.12
898,0,39,M,Divorced,High,1.0,127.0,0.0,1.0,0.0,47,356,0.02,0.0,9,2794.0,70,0.33,0.0,0.22,0.33
899,1,24,M,Widowed,High,1.0,178.0,0.0,1.0,0.0,1,15,0.0,1.0,1,38.78,154,0.0,0.0,1.0,0.0
900,0,54,F,Widowed,Low,1.0,93.0,1.0,0.0,1.0,2,283,0.5,0.0,3,353.54,5,0.67,0.0,0.0,0.0
901,0,66,M,Married,Medium,,,,,,12,351,0.0,0.08,2,517.94,166,0.0,0.5,0.0,0.5
902,0,58,F,Married,Low,2.0,106.0,0.5,1.0,0.0,39,105,0.03,0.0,7,1040.2,20,0.0,0.29,0.29,0.14
903,1,44,M,Married,Low,1.0,150.0,1.0,0.0,0.0,48,192,0.0,0.0,4,762.78,156,0.0,0.0,0.25,0.25
904,0,48,M,Single,High,1.0,211.0,1.0,0.0,0.0,36,37,0.0,0.0,7,1684.39,16,0.43,0.29,0.0,0.0
905,0,23,M,Married,High,1.0,196.0,0.0,0.0,1.0,7,34,0.14,0.0,8,1222.55,66,0.12,0.12,0.25,0.25
906,1,33,F,Widowed,Medium,,,,,,38,272,0.0,0.03,5,1235.8,2,0.4,0.2,0.0,0.2
907,0,55,M,Single,Low,,,,,,25,207,0.0,0.04,1,54.82,77,0.0,0.0,0.0,0.0
908,0,55,F,Married,Medium,2.0,193.0,0.5,0.0,0.5,3,25,0.0,0.33,9,1865.09,36,0.0,0.44,0.11,0.22
909,0,67,M,Widowed,Low,,,,,,27,332,0.04,0.0,3,718.24,79,0.0,0.67,0.0,0.0
910,0,49,F,Single,Medium,,,,,,24,137,0.04,0.0,4,797.14,46,0.0,0.0,0.25,0.25
911,0,50,F,Widowed,Low,,,,,,27,307,0.0,0.0,3,1058.9,143,0.0,0.0,0.0,0.67
912,0,66,F,Married,Medium,1.0,49.0,0.0,0.0,0.0,6,154,0.0,0.0,9,1915.01,18,0.11,0.33,0.22,0.22
913,0,34,F,Married,Low,2.0,71.0,1.0,0.5,0.5,25,105,0.0,0.0,1,267.44,207,0.0,1.0,0.0,0.0
914,0,50,F,Single,Low,2.0,174.0,0.5,0.5,0.0,43,153,0.0,0.02,7,1722.8,23,0.0,0.29,0.29,0.14
915,0,28,M,Divorced,High,,,,,,31,192,0.03,0.0,7,1786.6,16,0.14,0.29,0.0,0.29
916,0,30,M,Widowed,Low,,,,,,44,122,0.0,0.0,6,1176.86,31,0.0,0.33,0.17,0.17
917,0,47,F,Widowed,High,1.0,196.0,1.0,1.0,0.0,9,235,0.0,0.0,8,1799.3600000000001,24,0.0,0.0,0.38,0.25
918,1,18,F,Divorced,Medium,,,,,,39,81,0.0,0.0,4,1140.8200000000002,20,0.25,0.25,0.25,0.25
919,1,47,F,Divorced,High,,,,,,29,17,0.0,0.03,7,1547.47,56,0.14,0.29,0.29,0.0
920,0,44,M,Widowed,Low,1.0,327.0,0.0,1.0,0.0,14,84,0.0,0.0,9,2059.02,85,0.11,0.33,0.22,0.33
921,0,57,F,Single,High,1.0,163.0,0.0,0.0,1.0,36,56,0.03,0.0,6,1778.2,11,0.17,0.17,0.33,0.33
922,0,40,M,Divorced,High,1.0,181.0,0.0,0.0,0.0,29,143,0.0,0.03,3,1135.0,76,0.33,0.0,0.33,0.33
923,0,37,F,Married,Medium,2.0,20.0,0.0,0.5,0.5,43,324,0.0,0.02,9,2462.85,62,0.44,0.0,0.22,0.11
924,1,23,M,Single,High,1.0,89.0,0.0,0.0,1.0,41,281,0.0,0.02,2,760.13,184,0.5,0.0,0.5,0.0
925,1,54,F,Divorced,Medium,,,,,,38,345,0.0,0.0,5,1930.4099999999999,56,0.4,0.2,0.2,0.2
926,1,37,M,Married,Medium,,,,,,22,242,0.05,0.0,1,157.62,90,0.0,0.0,0.0,1.0
927,1,54,M,Married,High,,,,,,12,208,0.0,0.0,5,1462.34,78,0.2,0.4,0.0,0.2
928,0,23,F,Widowed,Low,2.0,25.0,0.5,0.5,0.5,40,224,0.0,0.02,8,2584.66,89,0.25,0.38,0.0,0.12
929,0,46,F,Single,Medium,,,,,,49,318,0.02,0.0,1,358.27,163,0.0,0.0,0.0,1.0
930,0,30,F,Divorced,High,,,,,,26,143,0.0,0.04,2,809.61,207,0.0,0.0,0.0,1.0
931,0,44,F,Married,Medium,1.0,168.0,0.0,0.0,1.0,46,296,0.0,0.0,5,1985.28,18,0.6,0.0,0.0,0.2
932,0,67,M,Widowed,High,1.0,209.0,1.0,0.0,1.0,28,209,0.04,0.0,1,350.46,323,0.0,1.0,0.0,0.0
933,0,37,M,Divorced,High,2.0,242.0,0.5,0.5,0.0,21,246,0.0,0.05,1,74.06,122,0.0,0.0,1.0,0.0
934,0,30,M,Married,Low,1.0,309.0,1.0,1.0,0.0,27,47,0.0,0.0,1,282.29,334,0.0,0.0,1.0,0.0
935,1,56,M,Widowed,High,2.0,264.0,1.0,1.0,0.0,33,64,0.0,0.03,4,939.39,203,0.0,0.0,0.5,0.25
936,0,25,M,Married,Medium,,,,,,29,156,0.0,0.0,9,2591.57,2,0.33,0.22,0.11,0.22
937,1,34,M,Widowed,Medium,2.0,87.0,0.5,0.5,0.0,24,276,0.0,0.0,7,1842.6599999999999,80,0.14,0.14,0.0,0.43
938,0,47,F,Widowed,Low,1.0,43.0,0.0,0.0,1.0,32,195,0.0,0.03,3,695.9300000000001,150,0.0,0.33,0.33,0.0
939,0,18,M,Single,Medium,,,,,,6,39,0.0,0.17,1,394.48,179,0.0,0.0,1.0,0.0
940,0,41,M,Divorced,Low,2.0,112.0,0.5,0.0,0.0,27,271,0.0,0.0,7,1536.43,55,0.14,0.14,0.14,0.14
941,0,33,M,Widowed,High,,,,,,16,100,0.0,0.06,6,1440.83,7,0.5,0.0,0.33,0.0
942,0,28,F,Married,High,,,,,,36,201,0.03,0.0,7,1539.42,40,0.14,0.14,0.29,0.14
943,0,21,M,Divorced,High,1.0,78.0,1.0,0.0,1.0,47,287,0.0,0.02,2,398.92,151,0.0,0.0,0.5,0.5
944,0,21,F,Divorced,Low,2.0,95.0,0.5,0.0,0.0,30,210,0.0,0.03,5,1280.1000000000001,107,0.0,0.0,0.2,0.2
945,0,34,M,Divorced,Medium,,,,,,15,164,0.0,0.07,5,541.1999999999999,117,0.2,0.4,0.2,0.0
946,0,66,M,Single,Medium,,,,,,8,48,0.0,0.0,3,451.82,60,0.33,0.0,0.0,0.33
947,1,27,F,Widowed,High,1.0,335.0,0.0,1.0,0.0,31,239,0.0,0.03,3,589.06,109,0.33,0.0,0.33,0.33
948,1,38,M,Widowed,Medium,,,,,,9,322,0.0,0.0,5,1416.12,84,0.0,0.4,0.2,0.2
949,0,55,M,Widowed,Low,,,,,,42,202,0.02,0.0,4,956.3,97,0.25,0.25,0.0,0.0
950,0,66,F,Widowed,Low,,,,,,21,253,0.05,0.0,4,1085.17,30,0.0,0.5,0.5,0.0
951,0,35,F,Married,Low,2.0,192.0,0.5,0.5,0.0,39,53,0.03,0.0,7,1494.92,69,0.14,0.43,0.29,0.0
952,0,27,M,Widowed,Low,1.0,87.0,0.0,0.0,1.0,39,286,0.0,0.03,1,344.33,340,1.0,0.0,0.0,0.0
953,0,62,M,Divorced,Medium,2.0,70.0,0.5,0.5,0.0,43,71,0.0,0.02,9,2580.58,9,0.11,0.33,0.11,0.33
954,0,33,F,Widowed,Low,,,,,,20,164,0.05,0.0,6,2009.3200000000002,55,0.33,0.17,0.0,0.17
955,0,56,F,Widowed,Medium,2.0,7.0,0.5,0.0,0.5,26,23,0.0,0.04,6,1453.74,16,0.17,0.5,0.17,0.17
956,0,32,F,Widowed,High,,,,,,38,72,0.03,0.0,3,858.04,122,0.33,0.33,0.33,0.0
957,0,51,F,Widowed,Medium,,,,,,43,213,0.0,0.0,1,32.8,198,0.0,0.0,0.0,1.0
958,0,22,M,Single,Low,1.0,266.0,0.0,0.0,0.0,14,224,0.07,0.0,5,972.8,76,0.4,0.2,0.2,0.0
959,0,34,M,Divorced,Medium,,,,,,48,44,0.02,0.0,1,285.35,203,0.0,0.0,0.0,1.0
960,0,54,F,Single,High,2.0,195.0,0.0,1.0,0.0,41,324,0.02,0.0,6,1553.52,73,0.17,0.0,0.0,0.5
961,0,25,M,Divorced,High,2.0,20.0,0.5,0.5,0.5,21,244,0.0,0.0,3,964.3299999999999,4,0.67,0.0,0.33,0.0
962,1,41,F,Widowed,High,2.0,200.0,0.0,1.0,0.0,19,271,0.05,0.0,4,1021.08,42,0.5,0.0,0.25,0.25
963,0,45,F,Widowed,Medium,2.0,41.0,1.0,0.0,1.0,14,105,0.07,0.0,3,660.3299999999999,4,0.0,0.67,0.0,0.0
964,0,64,M,Divorced,Low,2.0,59.0,0.5,0.5,0.5,9,293,0.11,0.0,9,2348.82,16,0.11,0.22,0.11,0.0
965,1,25,F,Divorced,Low,1.0,227.0,0.0,0.0,0.0,42,173,0.0,0.0,1,213.98,67,0.0,1.0,0.0,0.0
966,1,40,F,Single,Medium,,,,,,4,229,0.0,0.0,7,2097.75,32,0.29,0.14,0.0,0.57
967,0,52,M,Single,Low,,,,,,23,247,0.04,0.0,1,230.71,160,0.0,0.0,0.0,0.0
968,0,48,M,Married,Low,1.0,26.0,1.0,0.0,1.0,22,348,0.05,0.0,2,344.12,230,0.0,0.0,0.5,0.5
969,0,34,F,Married,Medium,1.0,48.0,0.0,0.0,0.0,20,250,0.05,0.0,4,1296.96,63,0.0,0.25,0.0,0.25
970,1,45,M,Single,High,2.0,185.0,0.0,0.5,0.0,19,284,0.0,0.05,6,748.6800000000001,69,0.17,0.33,0.33,0.0
971,1,65,M,Married,Low,,,,,,19,75,0.0,0.0,2,283.95,147,0.0,0.5,0.0,0.0
972,0,65,M,Single,High,,,,,,23,66,0.0,0.0,3,1105.44,246,0.0,1.0,0.0,0.0
973,0,68,M,Single,Low,,,,,,31,74,0.0,0.03,1,56.53,24,1.0,0.0,0.0,0.0
974,0,29,M,Single,High,,,,,,46,110,0.0,0.0,6,1789.81,37,0.17,0.0,0.33,0.33
975,1,41,M,Married,High,,,,,,19,108,0.0,0.0,7,1892.1799999999998,22,0.14,0.29,0.43,0.14
976,0,32,F,Divorced,Low,,,,,,44,317,0.02,0.0,2,557.62,289,0.5,0.5,0.0,0.0
977,0,57,M,Widowed,Low,2.0,269.0,1.0,0.0,0.5,20,326,0.05,0.0,3,772.3399999999999,132,0.0,0.0,0.67,0.0
978,0,48,F,Married,Medium,1.0,81.0,0.0,0.0,0.0,26,108,0.0,0.0,7,1465.5,51,0.29,0.14,0.14,0.29
979,1,44,F,Widowed,Low,1.0,159.0,1.0,1.0,0.0,6,227,0.0,0.17,7,1711.28,90,0.14,0.0,0.14,0.29
980,0,52,F,Widowed,Low,1.0,114.0,0.0,0.0,0.0,28,241,0.04,0.0,8,2079.5,7,0.12,0.38,0.25,0.25
981,0,35,M,Divorced,Medium,,,,,,41,99,0.0,0.02,1,285.43,307,1.0,0.0,0.0,0.0
982,1,53,M,Married,High,1.0,95.0,1.0,0.0,1.0,4,194,0.0,0.0,6,913.21,105,0.33,0.17,0.5,0.0
983,0,25,F,Widowed,Medium,2.0,46.0,0.5,0.0,0.0,49,236,0.0,0.0,5,1395.3000000000002,40,0.4,0.0,0.0,0.6
984,0,63,F,Divorced,High,1.0,285.0,1.0,0.0,0.0,44,244,0.0,0.02,8,1127.04,9,0.25,0.38,0.12,0.0
985,0,66,F,Divorced,Medium,2.0,233.0,0.5,1.0,0.0,9,302,0.0,0.11,5,1752.58,9,0.2,0.0,0.2,0.2
986,0,55,F,Single,Low,2.0,217.0,1.0,0.0,0.5,49,53,0.02,0.0,7,1392.61,83,0.43,0.14,0.29,0.14
987,1,22,M,Married,Low,,,,,,14,206,0.0,0.0,7,1683.65,9,0.14,0.29,0.14,0.14
988,0,31,F,Widowed,High,2.0,262.0,0.0,0.0,0.5,31,320,0.0,0.03,9,2543.12,33,0.44,0.11,0.11,0.22
989,1,55,M,Divorced,Low,2.0,84.0,0.0,0.0,0.0,29,158,0.0,0.03,7,1530.42,104,0.29,0.14,0.29,0.14
990,1,37,F,Widowed,High,2.0,66.0,0.5,0.5,0.0,49,207,0.0,0.0,1,483.5,179,1.0,0.0,0.0,0.0
991,0,61,M,Married,Medium,,,,,,22,105,0.0,0.05,3,801.36,8,0.33,0.0,0.0,0.67
992,0,26,M,Single,Low,1.0,92.0,0.0,1.0,0.0,9,280,0.0,0.11,1,311.62,269,0.0,1.0,0.0,0.0
993,0,50,F,Widowed,High,,,,,,11,4,0.0,0.09,1,81.64,317,1.0,0.0,0.0,0.0
994,0,35,F,Single,Medium,2.0,181.0,0.0,0.0,0.0,25,161,0.0,0.0,9,1801.34,15,0.22,0.22,0.0,0.33
995,1,23,F,Divorced,Low,1.0,242.0,1.0,0.0,1.0,34,153,0.0,0.03,5,1020.0,4,0.4,0.2,0.2,0.2
996,0,54,F,Single,Low,,,,,,38,336,0.0,0.0,1,227.25,160,0.0,0.0,0.0,0.0
997,0,19,M,Widowed,High,,,,,,5,274,0.0,0.0,2,419.82,67,0.0,0.5,0.5,0.0
998,0,47,M,Married,Low,,,,,,47,174,0.0,0.02,1,252.15,104,0.0,0.0,0.0,0.0
999,0,23,M,Widowed,High,,,,,,23,357,0.0,0.04,9,2393.2599999999998,24,0.0,0.22,0.44,0.22
1000,0,34,M,Widowed,Low,,,,,,22,140,0.0,0.0,6,1670.79,18,0.0,0.0,0.33,0.33
